time,nominal,n_calibration,k,clipped,q
0.1,0.5,256,129,False,12.165578921053722
0.1,0.7,256,180,False,17.3371637034208
0.1,0.8,256,206,False,20.107458846262446
0.1,0.9,256,232,False,25.815910871545505
0.1,0.95,256,245,False,30.6328489879424
0.2,0.5,256,129,False,12.175185208709626
0.2,0.7,256,180,False,16.47644723944302
0.2,0.8,256,206,False,20.02200343095508
0.2,0.9,256,232,False,26.624497806043994
0.2,0.95,256,245,False,31.368613820930765
0.30000000000000004,0.5,256,129,False,11.393880973141775
0.30000000000000004,0.7,256,180,False,15.051603027145719
0.30000000000000004,0.8,256,206,False,18.480910131214223
0.30000000000000004,0.9,256,232,False,25.109124143133183
0.30000000000000004,0.95,256,245,False,35.01003382000121
0.4,0.5,256,129,False,10.94069919503807
0.4,0.7,256,180,False,15.259721674165949
0.4,0.8,256,206,False,18.453325913811018
0.4,0.9,256,232,False,24.513450530778552
0.4,0.95,256,245,False,32.52089554224429
0.5,0.5,256,129,False,10.68710159114137
0.5,0.7,256,180,False,14.228321102045573
0.5,0.8,256,206,False,18.315875701973226
0.5,0.9,256,232,False,26.834111322128003
0.5,0.95,256,245,False,34.49906075173382
0.6000000000000001,0.5,256,129,False,10.965737993666728
0.6000000000000001,0.7,256,180,False,15.107355463484366
0.6000000000000001,0.8,256,206,False,19.30966385961771
0.6000000000000001,0.9,256,232,False,26.790170643018904
0.6000000000000001,0.95,256,245,False,34.808892935928185
0.7000000000000001,0.5,256,129,False,10.754521689502461
0.7000000000000001,0.7,256,180,False,15.558189493593252
0.7000000000000001,0.8,256,206,False,18.921229492412902
0.7000000000000001,0.9,256,232,False,23.853537258411798
0.7000000000000001,0.95,256,245,False,29.875108194188357
0.8,0.5,256,129,False,10.819661902952204
0.8,0.7,256,180,False,14.949441699941014
0.8,0.8,256,206,False,18.436415588092657
0.8,0.9,256,232,False,23.945945402105437
0.8,0.95,256,245,False,34.9433974533881
0.9,0.5,256,129,False,10.533738212892496
0.9,0.7,256,180,False,14.946469716414226
0.9,0.8,256,206,False,18.298376975364807
0.9,0.9,256,232,False,23.823511235231017
0.9,0.95,256,245,False,36.750269162377
1.0,0.5,256,129,False,10.550941049885067
1.0,0.7,256,180,False,14.606339316024288
1.0,0.8,256,206,False,17.683860456921053
1.0,0.9,256,232,False,24.902948371347097
1.0,0.95,256,245,False,33.026566524071406
