dataset,time,quintile,n,mean_error,median_error
fresh_id,0.1,1,13,0.008375195432153796,0.007882359303843359
fresh_id,0.1,2,13,0.015761102063289283,0.014685821328343498
fresh_id,0.1,3,13,0.019507402484808686,0.017265248138036208
fresh_id,0.1,4,13,0.0286992736494057,0.028694233808107938
fresh_id,0.1,5,12,0.03331149657721024,0.03099734673134397
fresh_id,0.2,1,13,0.01560230854853603,0.014348607961083747
fresh_id,0.2,2,13,0.027655047618815955,0.0267687336564482
fresh_id,0.2,3,13,0.035643209107315325,0.03542538360933374
fresh_id,0.2,4,13,0.059615910332323614,0.06099242156936363
fresh_id,0.2,5,12,0.05580951128598211,0.057917156785387267
fresh_id,0.30000000000000004,1,13,0.022337381711449,0.021464262016484013
fresh_id,0.30000000000000004,2,13,0.03846694301771757,0.03801743134442438
fresh_id,0.30000000000000004,3,13,0.05331407973846502,0.049946838017805646
fresh_id,0.30000000000000004,4,13,0.08067751237799445,0.07329283890434965
fresh_id,0.30000000000000004,5,12,0.07980110831088241,0.08235925855583781
fresh_id,0.4,1,13,0.02897238859336358,0.028654020180324036
fresh_id,0.4,2,13,0.04796176221996724,0.04848151975801157
fresh_id,0.4,3,13,0.07747324038618612,0.06890193545090356
fresh_id,0.4,4,13,0.09186872050276468,0.08651787827134529
fresh_id,0.4,5,12,0.1022516547954786,0.10475205291091177
fresh_id,0.5,1,13,0.03671452245896674,0.035104374788137396
fresh_id,0.5,2,13,0.05567288423962596,0.05571808994799929
fresh_id,0.5,3,13,0.09227625687577506,0.08314039887919235
fresh_id,0.5,4,13,0.10933198074710714,0.10464105117090003
fresh_id,0.5,5,12,0.1234014192237984,0.12537548472692062
fresh_id,0.6000000000000001,1,13,0.0446371878673048,0.04239590126826355
fresh_id,0.6000000000000001,2,13,0.06422440243356743,0.062387121901537876
fresh_id,0.6000000000000001,3,13,0.1115112034017473,0.09092438592073739
fresh_id,0.6000000000000001,4,13,0.1182317024600897,0.1154945817784309
fresh_id,0.6000000000000001,5,12,0.14346243095943842,0.14444764356256
fresh_id,0.7000000000000001,1,13,0.05081364068573553,0.04728055633355397
fresh_id,0.7000000000000001,2,13,0.08316264797197064,0.0712329737106051
fresh_id,0.7000000000000001,3,13,0.11376784326942918,0.09749909393667668
fresh_id,0.7000000000000001,4,13,0.1328492119412514,0.13335683737613171
fresh_id,0.7000000000000001,5,12,0.1626091429955096,0.16215678289783947
fresh_id,0.8,1,13,0.05686113064684119,0.0517173991048358
fresh_id,0.8,2,13,0.09191998135070517,0.07990231195969026
fresh_id,0.8,3,13,0.12832787841806545,0.10829107609778112
fresh_id,0.8,4,13,0.14326812613911796,0.1436671658756315
fresh_id,0.8,5,12,0.18099105269506224,0.1789164043018047
fresh_id,0.9,1,13,0.06280704728698965,0.05681119198652916
fresh_id,0.9,2,13,0.10370289041081425,0.08842805009349798
fresh_id,0.9,3,13,0.13562586660455633,0.11596532805898586
fresh_id,0.9,4,13,0.15178882120354756,0.1531791323811575
fresh_id,0.9,5,12,0.20350029697965974,0.20294688760584564
fresh_id,1.0,1,13,0.06867728969894013,0.06300141184515654
fresh_id,1.0,2,13,0.11155391261530069,0.09683470610978234
fresh_id,1.0,3,13,0.14601140143709748,0.1281117136105769
fresh_id,1.0,4,13,0.16306397985116997,0.16693617970437677
fresh_id,1.0,5,12,0.221817102766826,0.2219586478293437
historical_id,0.1,1,2,0.016400825076194916,0.016400825076194916
historical_id,0.1,2,2,0.025335565633215113,0.025335565633215113
historical_id,0.1,3,2,0.023860893115514918,0.023860893115514918
historical_id,0.1,4,1,0.03403584739704986,0.03403584739704986
historical_id,0.1,5,1,0.03456700782995289,0.03456700782995289
historical_id,0.2,1,2,0.02750479832260768,0.02750479832260768
historical_id,0.2,2,2,0.04820524027594098,0.04820524027594098
historical_id,0.2,3,2,0.04493203913786975,0.04493203913786975
historical_id,0.2,4,1,0.06486009627263722,0.06486009627263722
historical_id,0.2,5,1,0.06227306090676474,0.06227306090676474
historical_id,0.30000000000000004,1,2,0.05839616442143987,0.05839616442143987
historical_id,0.30000000000000004,2,2,0.04830888582999971,0.04830888582999971
historical_id,0.30000000000000004,3,2,0.06454998994963665,0.06454998994963665
historical_id,0.30000000000000004,4,1,0.09349971524602811,0.09349971524602811
historical_id,0.30000000000000004,5,1,0.08537781908052308,0.08537781908052308
historical_id,0.4,1,2,0.07408619927577079,0.07408619927577079
historical_id,0.4,2,2,0.06171167939207143,0.06171167939207143
historical_id,0.4,3,2,0.08316968972122367,0.08316968972122367
historical_id,0.4,4,1,0.12028060631440755,0.12028060631440755
historical_id,0.4,5,1,0.10521755361446643,0.10521755361446643
historical_id,0.5,1,2,0.0889454539940366,0.0889454539940366
historical_id,0.5,2,2,0.07442008170777681,0.07442008170777681
historical_id,0.5,3,2,0.10103878670027855,0.10103878670027855
historical_id,0.5,4,1,0.14537101555441587,0.14537101555441587
historical_id,0.5,5,1,0.12267424394777351,0.12267424394777351
historical_id,0.6000000000000001,1,2,0.10304869282838804,0.10304869282838804
historical_id,0.6000000000000001,2,2,0.08653345159414956,0.08653345159414956
historical_id,0.6000000000000001,3,2,0.11830292583210836,0.11830292583210836
historical_id,0.6000000000000001,4,1,0.16887898851723232,0.16887898851723232
historical_id,0.6000000000000001,5,1,0.13835166339957455,0.13835166339957455
historical_id,0.7000000000000001,1,2,0.11643656364085936,0.11643656364085936
historical_id,0.7000000000000001,2,2,0.09813047215045184,0.09813047215045184
historical_id,0.7000000000000001,3,2,0.13504210633524869,0.13504210633524869
historical_id,0.7000000000000001,4,1,0.19088864425658705,0.19088864425658705
historical_id,0.7000000000000001,5,1,0.15266762590282684,0.15266762590282684
historical_id,0.8,1,2,0.12914232286855826,0.12914232286855826
historical_id,0.8,2,2,0.1092870229406428,0.1092870229406428
historical_id,0.8,3,2,0.15129047719547156,0.15129047719547156
historical_id,0.8,4,1,0.2114776366385472,0.2114776366385472
historical_id,0.8,5,1,0.16590957772323567,0.16590957772323567
historical_id,0.9,1,2,0.1411982531691311,0.1411982531691311
historical_id,0.9,2,2,0.12008243022997508,0.12008243022997508
historical_id,0.9,3,2,0.1670541040264339,0.1670541040264339
historical_id,0.9,4,1,0.23072549244542356,0.23072549244542356
historical_id,0.9,5,1,0.1782709634895039,0.1782709634895039
historical_id,1.0,1,2,0.15263651982114465,0.15263651982114465
historical_id,1.0,2,2,0.1306006924516185,0.1306006924516185
historical_id,1.0,3,2,0.1823290654459589,0.1823290654459589
historical_id,1.0,4,1,0.18987688077016016,0.18987688077016016
historical_id,1.0,5,1,0.24871553446179234,0.24871553446179234
