dataset,time,n_trajectories,coverage90,mean_E,median_E,mean_U_rel,median_U_rel,mean_U_rms,median_U_rms,mean_W_rel90,median_W_rel90,U_rel_q10,U_rel_median,U_rel_q90,U_rel_q90_minus_q10,U_rel_gap_over_median,W_rel90_q10,W_rel90_median,W_rel90_q90,W_rel90_q90_minus_q10,W_rel90_gap_over_median,current_U_E_pearson,current_U_E_pearson_ci95_low,current_U_E_pearson_ci95_high,current_U_E_pearson_invalid_bootstraps,current_U_E_spearman,current_U_E_spearman_ci95_low,current_U_E_spearman_ci95_high,current_U_E_spearman_invalid_bootstraps,current_U_E_status
audit,0.1,256,0.90625,0.018305853677222754,0.01757094675841623,0.013237771289527482,0.013068054673424045,0.0035528787471292528,0.0032720439672038024,0.6834902474966911,0.6747274694271977,0.006105648429423729,0.013068054673424045,0.019884455030450218,0.013778806601026488,1.0543885027545736,0.3152457513339896,0.6747274694271977,1.026670637590715,0.7114248862567255,1.0543885027545739,0.7952713536584547,0.743405232701413,0.8466448919561691,0,0.8463921950102998,0.8008615128521321,0.880934863075692,0,ok
audit,0.2,256,0.9296875,0.03385830802769619,0.03194420072659437,0.023688440597260357,0.023472224363726743,0.006350926818118791,0.005692655303844476,1.2613856694207237,1.2498723721500298,0.010922716636781099,0.023472224363726743,0.03577646554004664,0.02485374890326554,1.0588578448352668,0.5816236902640373,1.2498723721500298,1.9050608565579603,1.323437166293923,1.0588578448352668,0.7756467720046856,0.7120063956943516,0.8340964625858447,0,0.8308151178759442,0.7810575048394133,0.8698318250400702,0,ok
audit,0.3,256,0.90234375,0.047982615591525835,0.04427836996147816,0.03327206446126848,0.03249738735637531,0.008886778636575736,0.007952437981512146,1.6708647941126398,1.6319618669174285,0.014783913827602168,0.03249738735637531,0.05122752455941179,0.03644361073180962,1.1214320195084897,0.7424222552372921,1.6319618669174285,2.572556547415349,1.830134292178057,1.1214320195084897,0.7634866795107563,0.6916146561039023,0.8279056400199348,0,0.8224035820553902,0.7707135020114939,0.8640770818615408,0,ok
audit,0.4,256,0.87890625,0.06110639407378294,0.05624691438214474,0.04241061087326409,0.041314388878274044,0.011266498274255686,0.010000518062750588,2.079260823243716,2.0255164559538366,0.018612897604542926,0.041314388878274044,0.0663471825695287,0.04773428496498578,1.1553912876607444,0.9125326893268193,2.0255164559538366,3.2527967555493493,2.34026406622253,1.1553912876607442,0.7549934179840441,0.6763720687485616,0.8229633374219623,0,0.8161779011215381,0.7615090201517797,0.8596259443202054,0,ok
audit,0.5,256,0.9140625,0.07345582137203634,0.06729953918684933,0.0512860611210246,0.04936318368932003,0.013537074921090336,0.012055986730987466,2.7524317467900703,2.649234332667734,0.0225283355073516,0.04936318368932003,0.0809192863297171,0.05839095082236549,1.1828846208515247,1.2090557258130439,2.649234332667734,4.342794274957558,3.133738549144514,1.1828846208515245,0.7491225382921164,0.6675772488782166,0.8203415914871063,0,0.8104593442435339,0.7551280213319089,0.8548069413553582,0,ok
audit,0.6,256,0.921875,0.08517231476983084,0.07797869806822641,0.05998954297779141,0.05732873120240606,0.015723581799801878,0.013948636018105753,3.2142601863434965,3.071692983320441,0.026425365897142877,0.05732873120240606,0.09417150641898067,0.06774614052183779,1.1817135858571821,1.41588012337734,3.071692983320441,5.045741453349283,3.629861329971943,1.181713585857182,0.7452185921464106,0.6615005995157307,0.817295743230302,0,0.8056105516136416,0.7499098507659584,0.8515602924756772,0,ok
audit,0.7,256,0.8984375,0.0963553109455908,0.08771712759857682,0.06857327032122247,0.06610059166711528,0.017841376344060564,0.01572131010130305,3.2714301170768483,3.1534658522691976,0.030320656084101182,0.06610059166711528,0.10697365035769862,0.07665299427359744,1.1596415756703722,1.446509799203196,3.1534658522691976,5.103399908951363,3.6568901097481668,1.1596415756703726,0.7428177294864626,0.6566539539837258,0.8166705349449492,0,0.8026071469443808,0.7453702941175883,0.849518092842038,0,ok
audit,0.8,256,0.8984375,0.10708107503243489,0.09815685774455124,0.07707248153415629,0.0742828669424574,0.01990121265450802,0.017555088445692046,3.691146869643372,3.5575469522318963,0.034225400383847526,0.0742828669424574,0.12017948822466251,0.08595408784081499,1.1571186113131389,1.6391191379136225,3.5575469522318963,5.755622926961484,4.1165037890478615,1.1571186113131389,0.7415819905634637,0.6560701085642797,0.8163443221673106,0,0.7981302929732205,0.738862287039817,0.8462000112354188,0,ok
audit,0.9,256,0.9140625,0.11741241152725504,0.10736644921593833,0.08551652952669195,0.08262697369576792,0.021911949305227045,0.019237759005361697,4.074608003954221,3.936929272348529,0.03825714186149115,0.08262697369576792,0.13394893695094046,0.0956917950894493,1.1581181157836664,1.8228388979301227,3.936929272348529,6.382268008795963,4.559429110865841,1.1581181157836666,0.7412479566186946,0.6554160029562247,0.8159178994016167,0,0.7969901579308767,0.7384575437984688,0.8461673983893551,0,ok
audit,1.0,256,0.90625,0.12740380665983442,0.11660165465965766,0.09393375781367301,0.09125760852421677,0.023881745761694263,0.020863954048920684,4.678455042321042,4.54516702714235,0.04230086427399152,0.09125760852421677,0.1465910106408762,0.10429014636688469,1.1428104248338866,2.106832478157143,4.54516702714235,7.301096739386667,5.194264261229524,1.1428104248338868,0.7416046790225697,0.6538401954471237,0.8166301729263554,0,0.7942492561226825,0.7364083870953884,0.8442883760971787,0,ok
fresh_id,0.1,64,0.953125,0.020940572126751093,0.019251936659553923,0.014614118328586403,0.01497083079394632,0.003635253429355108,0.003021581364158939,0.7545535524740122,0.7729712668990141,0.007468578104021965,0.01497083079394632,0.02204612577206638,0.014577547668044415,0.9737300400148177,0.38561629334121467,0.7729712668990141,1.1382816359890962,0.7526653426478815,0.973730040014818,0.7756133997351143,0.6944392244351555,0.8646629782710565,0,0.8461080586080585,0.7440899078124105,0.905460191185984,0,ok
fresh_id,0.2,64,0.96875,0.038600442473791685,0.03406589829364458,0.02587656982684761,0.026121655591125073,0.006457373114899618,0.005300376791483671,1.3779013531656967,1.3909519239522927,0.013037562972805797,0.026121655591125073,0.03911237378386365,0.026074810811057857,0.9982066687961718,0.6942371335312568,1.3909519239522927,2.082694619995301,1.388457486464044,0.9982066687961716,0.7384170413570054,0.6343149283491764,0.8460539864498311,0,0.8293956043956042,0.7027532265608978,0.9001662805060449,0,ok
fresh_id,0.3,64,0.9375,0.054530628417558236,0.04776133276614522,0.0360961301019936,0.03684847774001217,0.008996125267150969,0.007207475208116298,1.8126844236352877,1.850466004118891,0.018152335567313372,0.03684847774001217,0.05506914840100649,0.03691681283369312,1.0018544889198164,0.9115784944949668,1.850466004118891,2.7654761673149926,1.8538976728200258,1.0018544889198162,0.7195301127495858,0.5972218603091282,0.837204413281095,0,0.8181776556776555,0.6827055101460398,0.8974633341836264,0,ok
fresh_id,0.4,64,0.953125,0.06919702046367818,0.059941014318762725,0.04578517402496458,0.046054420322880096,0.01136512829672473,0.009058658137749153,2.2447051970081127,2.2579055086172075,0.02301439658109593,0.046054420322880096,0.07032604920418734,0.04731165262309141,1.0272988410536288,1.1283245441728282,2.2579055086172075,3.447868256383889,2.3195437122110607,1.0272988410536283,0.7108500340476127,0.5792447741095595,0.8368718756177433,0,0.8166666666666665,0.6807749045043147,0.8962142446734207,0,ok
fresh_id,0.5,64,0.984375,0.08285563135726179,0.07158073125600414,0.055177505681376436,0.05450583159579864,0.013617233924318566,0.01082450591284399,2.9612786598628107,2.925231105493645,0.027678391613936388,0.05450583159579864,0.08497136412284569,0.0572929725089093,1.0511347287347048,1.4854500835716464,2.925231105493645,4.560262088131029,3.0748120045593827,1.0511347287347046,0.7086244153091793,0.5663873213256119,0.8378600014802705,0,0.8073260073260072,0.6683060254916395,0.8883245234026683,0,ok
fresh_id,0.6,64,0.984375,0.09567824408794501,0.08440297441616114,0.0644005987709019,0.06170824312274108,0.015782632465506086,0.012593252327899613,3.4506060611701113,3.3063487266782623,0.03236666012856737,0.06170824312274108,0.09955344466399771,0.06718678453543034,1.088781354571903,1.7342166959778322,3.3063487266782623,5.334107541297676,3.599890845319844,1.0887813545719027,0.7104956469610559,0.5629817625497195,0.8401409143516173,0,0.793635531135531,0.650276669856911,0.8800812694539062,0,ok
fresh_id,0.7,64,0.96875,0.10779723728492412,0.09437229628555405,0.07353783475977094,0.0704072146737348,0.017881770135907454,0.014275915502738332,3.508274962690252,3.358922236961862,0.03653548925505508,0.0704072146737348,0.11506191004741706,0.07852642079236198,1.1153178144633524,1.7430013083995204,3.358922236961862,5.489267116680179,3.7462658082806586,1.1153178144633524,0.7149413365281048,0.563030624189801,0.8434533364599281,0,0.7809981684981684,0.6317110244233057,0.8738829983781657,0,ok
fresh_id,0.8,64,0.96875,0.11932492418050364,0.1029379621052936,0.08265268299983694,0.0798171300787686,0.01993023987970463,0.015888983885978446,3.9583932689032477,3.822593278037881,0.04062675836250045,0.0798171300787686,0.13023451681588244,0.08960775845338198,1.1226632474125713,1.9456922752259322,3.822593278037881,6.2371772582854055,4.2914849830594735,1.1226632474125713,0.7209513330850896,0.5653735405744278,0.8493837701363555,0,0.7795787545787545,0.6220206271436955,0.8771681517049672,0,ok
fresh_id,0.9,64,0.9375,0.13035974523957372,0.11407252687122842,0.09179160094912056,0.0881425793615505,0.02193916910533909,0.017314143507826913,4.373596473022431,4.19973145944428,0.044232850990139023,0.0881425793615505,0.14591527373532098,0.10168242274518197,1.1536129698235018,2.107563645059753,4.19973145944428,6.952428326450456,4.844864681390703,1.1536129698235014,0.7278004459446883,0.568879755350439,0.8535927996203627,0,0.7814102564102563,0.6258457811943063,0.876219361202877,0,ok
fresh_id,1.0,64,0.921875,0.1409811065630394,0.12303261981568994,0.10096641597070255,0.09629165487468774,0.023910626115045505,0.018483862902458813,5.028722888316722,4.795892219871844,0.047326613119007654,0.09629165487468774,0.16068526972927252,0.11335865661026487,1.1772427917848938,2.3571444061867317,4.795892219871844,8.003073952208112,5.64592954602138,1.1772427917848935,0.7348672939503044,0.574593813419856,0.8576533093944534,0,0.7798992673992673,0.6264603789953437,0.8779277970171767,0,ok
