dataset,time,target_time,lag,eligible_count,excluded_already_high_count,event_count,non_event_count,selected_count,hits,auroc,precision,recall,status,event_indices,missed_event_indices
audit,0.1,0.2,1,204,52,2,202,41,1,,,,unstable/undefined: require >= 5 events and non-events,"[15, 198]",[15]
audit,0.2,0.3,1,204,52,1,203,41,1,,,,unstable/undefined: require >= 5 events and non-events,[114],[]
audit,0.3,0.4,1,204,52,3,201,41,3,,,,unstable/undefined: require >= 5 events and non-events,"[36, 200, 253]",[]
audit,0.4,0.5,1,204,52,2,202,41,1,,,,unstable/undefined: require >= 5 events and non-events,"[171, 185]",[185]
audit,0.5,0.6,1,204,52,1,203,41,0,,,,unstable/undefined: require >= 5 events and non-events,[118],[118]
audit,0.6,0.7,1,204,52,1,203,41,1,,,,unstable/undefined: require >= 5 events and non-events,[171],[]
audit,0.7,0.8,1,204,52,1,203,41,1,,,,unstable/undefined: require >= 5 events and non-events,[225],[]
audit,0.8,0.9,1,204,52,1,203,41,0,,,,unstable/undefined: require >= 5 events and non-events,[112],[112]
audit,0.9,1.0,1,204,52,0,204,41,0,,,,unstable/undefined: require >= 5 events and non-events,[],[]
audit,0.1,0.3,2,204,52,3,201,41,2,,,,unstable/undefined: require >= 5 events and non-events,"[15, 114, 198]",[15]
audit,0.2,0.4,2,204,52,3,201,41,3,,,,unstable/undefined: require >= 5 events and non-events,"[36, 114, 200]",[]
audit,0.3,0.5,2,204,52,4,200,41,3,,,,unstable/undefined: require >= 5 events and non-events,"[36, 171, 185, 200]",[185]
audit,0.4,0.6,2,204,52,2,202,41,0,,,,unstable/undefined: require >= 5 events and non-events,"[118, 185]","[118, 185]"
audit,0.5,0.7,2,204,52,1,203,41,0,,,,unstable/undefined: require >= 5 events and non-events,[118],[118]
audit,0.6,0.8,2,204,52,2,202,41,2,,,,unstable/undefined: require >= 5 events and non-events,"[171, 225]",[]
audit,0.7,0.9,2,204,52,2,202,41,1,,,,unstable/undefined: require >= 5 events and non-events,"[112, 225]",[112]
audit,0.8,1.0,2,204,52,1,203,41,0,,,,unstable/undefined: require >= 5 events and non-events,[112],[112]
fresh_id,0.1,0.2,1,51,13,0,51,11,0,,,,unstable/undefined: require >= 5 events and non-events,[],[]
fresh_id,0.2,0.3,1,51,13,0,51,11,0,,,,unstable/undefined: require >= 5 events and non-events,[],[]
fresh_id,0.3,0.4,1,51,13,0,51,11,0,,,,unstable/undefined: require >= 5 events and non-events,[],[]
fresh_id,0.4,0.5,1,51,13,0,51,11,0,,,,unstable/undefined: require >= 5 events and non-events,[],[]
fresh_id,0.5,0.6,1,51,13,0,51,11,0,,,,unstable/undefined: require >= 5 events and non-events,[],[]
fresh_id,0.6,0.7,1,51,13,0,51,11,0,,,,unstable/undefined: require >= 5 events and non-events,[],[]
fresh_id,0.7,0.8,1,51,13,0,51,11,0,,,,unstable/undefined: require >= 5 events and non-events,[],[]
fresh_id,0.8,0.9,1,51,13,0,51,11,0,,,,unstable/undefined: require >= 5 events and non-events,[],[]
fresh_id,0.9,1.0,1,51,13,1,50,11,1,,,,unstable/undefined: require >= 5 events and non-events,[37],[]
fresh_id,0.1,0.3,2,51,13,0,51,11,0,,,,unstable/undefined: require >= 5 events and non-events,[],[]
fresh_id,0.2,0.4,2,51,13,0,51,11,0,,,,unstable/undefined: require >= 5 events and non-events,[],[]
fresh_id,0.3,0.5,2,51,13,0,51,11,0,,,,unstable/undefined: require >= 5 events and non-events,[],[]
fresh_id,0.4,0.6,2,51,13,0,51,11,0,,,,unstable/undefined: require >= 5 events and non-events,[],[]
fresh_id,0.5,0.7,2,51,13,0,51,11,0,,,,unstable/undefined: require >= 5 events and non-events,[],[]
fresh_id,0.6,0.8,2,51,13,0,51,11,0,,,,unstable/undefined: require >= 5 events and non-events,[],[]
fresh_id,0.7,0.9,2,51,13,0,51,11,0,,,,unstable/undefined: require >= 5 events and non-events,[],[]
fresh_id,0.8,1.0,2,51,13,1,50,11,1,,,,unstable/undefined: require >= 5 events and non-events,[37],[]
