regime,time,nominal,n_trajectories,covered_fields,coverage,coverage_error,coverage_ci95_low,coverage_ci95_high,coverage_interval_method,wilson_ci95_secondary_low,wilson_ci95_secondary_high,mean_W_rel,median_W_rel,mean_W_rel_ci95_low,mean_W_rel_ci95_high,wilson_ci95_secondary
fresh_id,0.1,0.5,64,39,0.609375,0.109375,0.484375,0.71875,whole-trajectory percentile; quadrant-stratified for aggregate,0.4869191788027247,0.7194443081175992,0.3555784197760712,0.36425764707499064,0.3223530769219047,0.388213069399958,
fresh_id,0.1,0.7,64,52,0.8125,0.11250000000000004,0.71875,0.90625,whole-trajectory percentile; quadrant-stratified for aggregate,0.7002563943589847,0.8893535682705119,0.5067347236877296,0.519103488501721,0.4593852952796755,0.5532423553100888,
fresh_id,0.1,0.8,64,54,0.84375,0.043749999999999956,0.75,0.9375,whole-trajectory percentile; quadrant-stratified for aggregate,0.7357193822745122,0.912851576617934,0.5877055657329215,0.6020507281672685,0.5327902001405009,0.6416446243287176,
fresh_id,0.1,0.9,64,61,0.953125,0.05312499999999998,0.90625,1.0,whole-trajectory percentile; quadrant-stratified for aggregate,0.8710034625990631,0.983930983213707,0.7545535524740122,0.7729712668990141,0.6840478662780767,0.8238057608137536,
fresh_id,0.1,0.95,64,63,0.984375,0.034375000000000044,0.953125,1.0,whole-trajectory percentile; quadrant-stratified for aggregate,0.9166589839990573,0.9972364580766624,0.895344159703017,0.9171983978699909,0.8116829614296727,0.9775179962454662,
fresh_id,0.2,0.5,64,39,0.609375,0.109375,0.484375,0.71875,whole-trajectory percentile; quadrant-stratified for aggregate,0.4869191788027247,0.7194443081175992,0.6301040604159536,0.6360719895601462,0.5706163934832316,0.6873483071515782,
fresh_id,0.2,0.7,64,57,0.890625,0.19062500000000004,0.8125,0.953125,whole-trajectory percentile; quadrant-stratified for aggregate,0.7910135867310387,0.945998866555832,0.8527078749796357,0.8607841603081481,0.7722043435086402,0.9301754284445688,
fresh_id,0.2,0.8,64,59,0.921875,0.12187499999999996,0.859375,0.984375,whole-trajectory percentile; quadrant-stratified for aggregate,0.8298046264583709,0.9661688230914496,1.0362015397089832,1.0460157557354663,0.9383745045543608,1.130339286683313,
fresh_id,0.2,0.9,64,62,0.96875,0.06874999999999998,0.921875,1.0,whole-trajectory percentile; quadrant-stratified for aggregate,0.8930270822904169,0.9913878616538281,1.3779013531656967,1.3909519239522927,1.247814686672613,1.5030821447097138,
fresh_id,0.2,0.95,64,64,1.0,0.050000000000000044,1.0,1.0,whole-trajectory percentile; quadrant-stratified for aggregate,0.9433759402071946,1.0,1.623424251817464,1.6388002532027186,1.4701579466949906,1.7709105231585631,
fresh_id,0.3,0.5,64,38,0.59375,0.09375,0.484375,0.703125,whole-trajectory percentile; quadrant-stratified for aggregate,0.4714520812860451,0.7054309075028039,0.8225500199463098,0.8396943388223259,0.7439257861962315,0.8997710781526996,
fresh_id,0.3,0.7,64,51,0.796875,0.09687500000000004,0.703125,0.890625,whole-trajectory percentile; quadrant-stratified for aggregate,0.6828636426898583,0.8772658218081634,1.086609242222825,1.1092573181945578,0.9827446540715787,1.1886202002272597,
fresh_id,0.3,0.8,64,56,0.875,0.07499999999999996,0.796875,0.953125,whole-trajectory percentile; quadrant-stratified for aggregate,0.7722543817887005,0.9352775733666955,1.3341786729991205,1.3619868111704259,1.2066499230063852,1.459431467925943,
fresh_id,0.3,0.9,64,60,0.9375,0.03749999999999998,0.874609375,0.984375,whole-trajectory percentile; quadrant-stratified for aggregate,0.8500251490779133,0.9754287986033819,1.8126844236352877,1.850466004118891,1.6394172418433164,1.9828593746935754,
fresh_id,0.3,0.95,64,62,0.96875,0.018750000000000044,0.921875,1.0,whole-trajectory percentile; quadrant-stratified for aggregate,0.8930270822904169,0.9913878616538281,2.5274534712839194,2.580132903786776,2.2858644035070506,2.764730994701519,
fresh_id,0.4,0.5,64,36,0.5625,0.0625,0.452734375,0.6875,whole-trajectory percentile; quadrant-stratified for aggregate,0.44086208956993017,0.6770599029559692,1.0018436331992158,1.0077351187089585,0.9024767022713406,1.0982188384839726,
fresh_id,0.4,0.7,64,50,0.78125,0.08125000000000004,0.671875,0.875,whole-trajectory percentile; quadrant-stratified for aggregate,0.6656721604337418,0.8649768059328052,1.3973380248484235,1.4055552719844044,1.2587443497510276,1.5317589409817347,
fresh_id,0.4,0.8,64,55,0.859375,0.059374999999999956,0.765625,0.9375,whole-trajectory percentile; quadrant-stratified for aggregate,0.7538371825842297,0.9242142744396914,1.689777476606452,1.699714455979496,1.5221784659053035,1.8523304397604552,
fresh_id,0.4,0.9,64,61,0.953125,0.05312499999999998,0.890625,1.0,whole-trajectory percentile; quadrant-stratified for aggregate,0.8710034625990631,0.983930983213707,2.2447051970081127,2.2579055086172075,2.0220661953983727,2.460641014731076,
fresh_id,0.4,0.95,64,62,0.96875,0.018750000000000044,0.921875,1.0,whole-trajectory percentile; quadrant-stratified for aggregate,0.8930270822904169,0.9913878616538281,2.977949723698699,2.9954619851579922,2.6825845442479737,3.2644220896832588,
fresh_id,0.5,0.5,64,33,0.515625,0.015625,0.390625,0.640625,whole-trajectory percentile; quadrant-stratified for aggregate,0.39581601478580125,0.6336644833456737,1.1793752175253,1.1650187191478865,1.0605982222700352,1.2949650358665112,
fresh_id,0.5,0.7,64,45,0.703125,0.0031250000000000444,0.59375,0.8125,whole-trajectory percentile; quadrant-stratified for aggregate,0.5822979889645709,0.8009484867446021,1.5701665368891358,1.551052947758088,1.412032246350632,1.7240575650093444,
fresh_id,0.5,0.8,64,55,0.859375,0.059374999999999956,0.765625,0.9375,whole-trajectory percentile; quadrant-stratified for aggregate,0.7538371825842297,0.9242142744396914,2.0212486712100244,1.9966440730826656,1.8176850891858216,2.2193499737096833,
fresh_id,0.5,0.9,64,63,0.984375,0.08437499999999998,0.953125,1.0,whole-trajectory percentile; quadrant-stratified for aggregate,0.9166589839990573,0.9972364580766624,2.9612786598628107,2.925231105493645,2.6630429702320875,3.251511706364743,
fresh_id,0.5,0.95,64,63,0.984375,0.034375000000000044,0.953125,1.0,whole-trajectory percentile; quadrant-stratified for aggregate,0.9166589839990573,0.9972364580766624,3.807144241261887,3.7607999910944603,3.4237199105138387,4.180280037831912,
fresh_id,0.6,0.5,64,40,0.625,0.125,0.515625,0.734375,whole-trajectory percentile; quadrant-stratified for aggregate,0.502503786840045,0.7333401982117536,1.4124001855139316,1.3533528522669307,1.2691192253152286,1.5533708464141756,
fresh_id,0.6,0.7,64,50,0.78125,0.08125000000000004,0.671875,0.875,whole-trajectory percentile; quadrant-stratified for aggregate,0.6656721604337418,0.8649768059328052,1.9458454753864989,1.8644967277647277,1.748449148926636,2.1400589323715473,
fresh_id,0.6,0.8,64,56,0.875,0.07499999999999996,0.78125,0.953125,whole-trajectory percentile; quadrant-stratified for aggregate,0.7722543817887005,0.9352775733666955,2.4871078292484503,2.383130864135393,2.2348031343416297,2.7353442979315443,
fresh_id,0.6,0.9,64,63,0.984375,0.08437499999999998,0.953125,1.0,whole-trajectory percentile; quadrant-stratified for aggregate,0.9166589839990573,0.9972364580766624,3.4506060611701113,3.3063487266782623,3.10055927217736,3.7950086051081366,
fresh_id,0.6,0.95,64,64,1.0,0.050000000000000044,1.0,1.0,whole-trajectory percentile; quadrant-stratified for aggregate,0.9433759402071946,1.0,4.483427095251986,4.295991256247442,4.028605759360672,4.930914774167685,
fresh_id,0.7,0.5,64,35,0.546875,0.046875,0.421875,0.671875,whole-trajectory percentile; quadrant-stratified for aggregate,0.42573597220054127,0.6627055221938832,1.5817284778460088,1.5143918346122738,1.4211132236308333,1.7413191857675523,
fresh_id,0.7,0.7,64,52,0.8125,0.11250000000000004,0.71875,0.890625,whole-trajectory percentile; quadrant-stratified for aggregate,0.7002563943589847,0.8893535682705119,2.2882311362821293,2.190817575220131,2.0558746788972764,2.519105418462775,
fresh_id,0.7,0.8,64,56,0.875,0.07499999999999996,0.796875,0.9375,whole-trajectory percentile; quadrant-stratified for aggregate,0.7722543817887005,0.9352775733666955,2.7828524957295286,2.664382133526635,2.5002701389563775,3.0636322920441947,
fresh_id,0.7,0.9,64,62,0.96875,0.06874999999999998,0.921875,1.0,whole-trajectory percentile; quadrant-stratified for aggregate,0.8930270822904169,0.9913878616538281,3.508274962690252,3.358922236961862,3.1520302071070563,3.8622472738176437,
fresh_id,0.7,0.95,64,64,1.0,0.050000000000000044,1.0,1.0,whole-trajectory percentile; quadrant-stratified for aggregate,0.9433759402071946,1.0,4.393901539629004,4.206846312058547,3.9477265970465565,4.837230383402417,
fresh_id,0.8,0.5,64,40,0.625,0.125,0.5,0.734375,whole-trajectory percentile; quadrant-stratified for aggregate,0.502503786840045,0.7333401982117536,1.7885481708602424,1.7271887230324663,1.6037775204210267,1.9712654736044233,
fresh_id,0.8,0.7,64,52,0.8125,0.11250000000000004,0.71875,0.890625,whole-trajectory percentile; quadrant-stratified for aggregate,0.7002563943589847,0.8893535682705119,2.471222931699536,2.386443065538319,2.215926778143431,2.7236819909053787,
fresh_id,0.8,0.8,64,56,0.875,0.07499999999999996,0.796875,0.953125,whole-trajectory percentile; quadrant-stratified for aggregate,0.7722543817887005,0.9352775733666955,3.04763842651175,2.943083562362058,2.7327941614566575,3.3589838418068347,
fresh_id,0.8,0.9,64,62,0.96875,0.06874999999999998,0.921875,1.0,whole-trajectory percentile; quadrant-stratified for aggregate,0.8930270822904169,0.9913878616538281,3.9583932689032477,3.822593278037881,3.5494610908911315,4.3627810025290366,
fresh_id,0.8,0.95,64,64,1.0,0.050000000000000044,1.0,1.0,whole-trajectory percentile; quadrant-stratified for aggregate,0.9433759402071946,1.0,5.776331105304393,5.57816339986238,5.179592100524877,6.366438577115397,
fresh_id,0.9,0.5,64,36,0.5625,0.0625,0.4375,0.6875,whole-trajectory percentile; quadrant-stratified for aggregate,0.44086208956993017,0.6770599029559692,1.9338173890806605,1.8569417128073478,1.7361643458737501,2.133125187259178,
fresh_id,0.9,0.7,64,52,0.8125,0.11250000000000004,0.71875,0.890625,whole-trajectory percentile; quadrant-stratified for aggregate,0.7002563943589847,0.8893535682705119,2.7439207676144193,2.6348407863081045,2.463468076941562,3.0267214134548865,
fresh_id,0.9,0.8,64,57,0.890625,0.09062499999999996,0.8125,0.953125,whole-trajectory percentile; quadrant-stratified for aggregate,0.7910135867310387,0.945998866555832,3.359274634678524,3.225732289477322,3.015927399173705,3.7054963796557034,
fresh_id,0.9,0.9,64,60,0.9375,0.03749999999999998,0.875,0.984375,whole-trajectory percentile; quadrant-stratified for aggregate,0.8500251490779133,0.9754287986033819,4.373596473022431,4.19973145944428,3.9265766781167413,4.824358726005292,
fresh_id,0.9,0.95,64,64,1.0,0.050000000000000044,1.0,1.0,whole-trajectory percentile; quadrant-stratified for aggregate,0.9433759402071946,1.0,6.746732083451361,6.478527032406314,6.057157082458214,7.442080219240084,
fresh_id,1.0,0.5,64,36,0.5625,0.0625,0.453125,0.6875,whole-trajectory percentile; quadrant-stratified for aggregate,0.44086208956993017,0.6770599029559692,2.130581405850113,2.031935148357417,1.9100023279803608,2.350098195692883,
fresh_id,1.0,0.7,64,52,0.8125,0.11250000000000004,0.71875,0.90625,whole-trajectory percentile; quadrant-stratified for aggregate,0.7002563943589847,0.8893535682705119,2.9494994623818704,2.8129371688023865,2.644137803914785,3.2533905279132056,
fresh_id,1.0,0.8,64,54,0.84375,0.043749999999999956,0.75,0.921875,whole-trajectory percentile; quadrant-stratified for aggregate,0.7357193822745122,0.912851576617934,3.5709520217226984,3.4056163759399602,3.2012513841850145,3.9388722158719274,
fresh_id,1.0,0.9,64,59,0.921875,0.021874999999999978,0.84375,0.984375,whole-trajectory percentile; quadrant-stratified for aggregate,0.8298046264583709,0.9661688230914496,5.028722888316722,4.795892219871844,4.508099243277056,5.546839259003664,
fresh_id,1.0,0.95,64,61,0.953125,0.0031250000000000444,0.890625,1.0,whole-trajectory percentile; quadrant-stratified for aggregate,0.8710034625990631,0.983930983213707,6.669148107506947,6.3603654908635985,5.978691251133641,7.356279788805819,
historical_id,0.1,0.5,8,2,0.25,-0.25,0.0,0.5,whole-trajectory percentile; quadrant-stratified for aggregate,0.07147921275210906,0.5907245696898311,0.4437727929739841,0.4300525691500665,0.35968853271453066,0.5395174302657267,
historical_id,0.1,0.7,8,6,0.75,0.050000000000000044,0.5,1.0,whole-trajectory percentile; quadrant-stratified for aggregate,0.409275430310169,0.928520787247891,0.6324205045104285,0.6128678167159187,0.5125920446846205,0.7688661649449599,
historical_id,0.1,0.8,8,6,0.75,-0.050000000000000044,0.5,1.0,whole-trajectory percentile; quadrant-stratified for aggregate,0.409275430310169,0.928520787247891,0.7334746031997671,0.7107976029771557,0.5944988245905453,0.8917228350831117,
historical_id,0.1,0.9,8,8,1.0,0.09999999999999998,1.0,1.0,whole-trajectory percentile; quadrant-stratified for aggregate,0.6755924351161198,1.0,0.9417060170319368,0.9125910790849285,0.7632753987568579,1.144880484830958,
historical_id,0.1,0.95,8,8,1.0,0.050000000000000044,1.0,1.0,whole-trajectory percentile; quadrant-stratified for aggregate,0.6755924351161198,1.0,1.1174170206239584,1.082869585832221,0.9056933974815273,1.3585013976680749,
historical_id,0.2,0.5,8,2,0.25,-0.25,0.0,0.5,whole-trajectory percentile; quadrant-stratified for aggregate,0.07147921275210906,0.5907245696898311,0.8000058467078937,0.7780285830032783,0.6252368533208492,0.994184809862491,
historical_id,0.2,0.7,8,5,0.625,-0.07499999999999996,0.25,1.0,whole-trajectory percentile; quadrant-stratified for aggregate,0.3057423946026274,0.8631557141764026,1.0826327401655642,1.052891325994929,0.8461211759248596,1.345411448380842,
historical_id,0.2,0.8,8,5,0.625,-0.17500000000000004,0.25,1.0,whole-trajectory percentile; quadrant-stratified for aggregate,0.3057423946026274,0.8631557141764026,1.3156037902496263,1.2794623400988692,1.0281974530781173,1.6349296813842793,
historical_id,0.2,0.9,8,7,0.875,-0.025000000000000022,0.625,1.0,whole-trajectory percentile; quadrant-stratified for aggregate,0.5291118177871466,0.9775825085499432,1.7494398274335667,1.7013803031424861,1.3672578235270292,2.1740672388335285,
historical_id,0.2,0.95,8,8,1.0,0.050000000000000044,1.0,1.0,whole-trajectory percentile; quadrant-stratified for aggregate,0.6755924351161198,1.0,2.061165725997718,2.0045426614469073,1.610884192907838,2.56145584913999,
historical_id,0.3,0.5,8,2,0.25,-0.25,0.0,0.5,whole-trajectory percentile; quadrant-stratified for aggregate,0.07147921275210906,0.5907245696898311,1.0537932746783905,1.027630904812574,0.8067557033939395,1.3295296139482657,
historical_id,0.3,0.7,8,6,0.75,0.050000000000000044,0.5,1.0,whole-trajectory percentile; quadrant-stratified for aggregate,0.409275430310169,0.928520787247891,1.3920873915151528,1.3575262436149877,1.0657445532382952,1.7563420233330351,
historical_id,0.3,0.8,8,6,0.75,-0.050000000000000044,0.5,1.0,whole-trajectory percentile; quadrant-stratified for aggregate,0.409275430310169,0.928520787247891,1.7092559464257053,1.6668205016944952,1.3085602427665797,2.1565011404003283,
historical_id,0.3,0.9,8,8,1.0,0.09999999999999998,1.0,1.0,whole-trajectory percentile; quadrant-stratified for aggregate,0.6755924351161198,1.0,2.322283883557409,2.2646288848446914,1.777877894059961,2.929934427724125,
historical_id,0.3,0.95,8,8,1.0,0.050000000000000044,1.0,1.0,whole-trajectory percentile; quadrant-stratified for aggregate,0.6755924351161198,1.0,3.2379957516448608,3.157606509737496,2.4789221975269133,4.085252150583683,
historical_id,0.4,0.5,8,2,0.25,-0.25,0.0,0.625,whole-trajectory percentile; quadrant-stratified for aggregate,0.07147921275210906,0.5907245696898311,1.2908078385149606,1.2599564450104472,0.9714360921775641,1.6444868407404982,
historical_id,0.4,0.7,8,5,0.625,-0.07499999999999996,0.25,0.875,whole-trajectory percentile; quadrant-stratified for aggregate,0.3057423946026274,0.8631557141764026,1.8003756432224536,1.757345150404174,1.3549266026427358,2.293675298001934,
historical_id,0.4,0.8,8,6,0.75,-0.050000000000000044,0.5,1.0,whole-trajectory percentile; quadrant-stratified for aggregate,0.409275430310169,0.928520787247891,2.177164120097685,2.12512806562941,1.6384900538643477,2.7737031328784516,
historical_id,0.4,0.9,8,6,0.75,-0.15000000000000002,0.5,1.0,whole-trajectory percentile; quadrant-stratified for aggregate,0.409275430310169,0.928520787247891,2.8921509978565476,2.823026155376511,2.1765748390384014,3.684595115940233,
historical_id,0.4,0.95,8,8,1.0,0.050000000000000044,1.0,1.0,whole-trajectory percentile; quadrant-stratified for aggregate,0.6755924351161198,1.0,3.8368870337367045,3.7451822050409316,2.887564233006283,4.888187108971235,
historical_id,0.5,0.5,8,2,0.25,-0.25,0.0,0.625,whole-trajectory percentile; quadrant-stratified for aggregate,0.07147921275210906,0.5907245696898311,1.5255040846972674,1.4884173040670545,1.1341353287497635,1.957748643334252,
historical_id,0.5,0.7,8,5,0.625,-0.07499999999999996,0.25,0.875,whole-trajectory percentile; quadrant-stratified for aggregate,0.3057423946026274,0.8631557141764026,2.030986771712417,1.9816111183654708,1.5099362060899297,2.6064575223598014,
historical_id,0.5,0.8,8,6,0.75,-0.050000000000000044,0.5,1.0,whole-trajectory percentile; quadrant-stratified for aggregate,0.409275430310169,0.928520787247891,2.6144547200082826,2.5508942814350792,1.9437151910126749,3.355248427388374,
historical_id,0.5,0.9,8,6,0.75,-0.15000000000000002,0.5,1.0,whole-trajectory percentile; quadrant-stratified for aggregate,0.409275430310169,0.928520787247891,3.8303693552477576,3.7372486160535687,2.847686382176435,4.9156868761800325,
historical_id,0.5,0.95,8,7,0.875,-0.07499999999999996,0.625,1.0,whole-trajectory percentile; quadrant-stratified for aggregate,0.5291118177871466,0.9775825085499432,4.924483747643356,4.804763813558655,3.6611052373318946,6.31981354411356,
historical_id,0.6,0.5,8,2,0.25,-0.25,0.0,0.625,whole-trajectory percentile; quadrant-stratified for aggregate,0.07147921275210906,0.5907245696898311,1.8318131206487571,1.7850316768251024,1.3472122591430786,2.3636960961338764,
historical_id,0.6,0.7,8,5,0.625,-0.07499999999999996,0.25,0.875,whole-trajectory percentile; quadrant-stratified for aggregate,0.3057423946026274,0.8631557141764026,2.523665253747482,2.459215063404875,1.8560369120065687,3.2564335526317207,
historical_id,0.6,0.8,8,6,0.75,-0.050000000000000044,0.5,1.0,whole-trajectory percentile; quadrant-stratified for aggregate,0.409275430310169,0.928520787247891,3.225655731861713,3.143277878622462,2.372317840042646,4.162253111372574,
historical_id,0.6,0.9,8,6,0.75,-0.15000000000000002,0.5,1.0,whole-trajectory percentile; quadrant-stratified for aggregate,0.409275430310169,0.928520787247891,4.475265241303799,4.3609744508721535,3.2913467689684968,5.77469768110791,
historical_id,0.6,0.95,8,6,0.75,-0.19999999999999996,0.5,1.0,whole-trajectory percentile; quadrant-stratified for aggregate,0.409275430310169,0.928520787247891,5.814782993366947,5.666283159576808,4.2764989750407665,7.503156138776528,
historical_id,0.7,0.5,8,2,0.25,-0.25,0.0,0.625,whole-trajectory percentile; quadrant-stratified for aggregate,0.07147921275210906,0.5907245696898311,2.054641017845297,1.9989310220274823,1.4987243026677386,2.662721094608781,
historical_id,0.7,0.7,8,5,0.625,-0.07499999999999996,0.25,0.875,whole-trajectory percentile; quadrant-stratified for aggregate,0.3057423946026274,0.8631557141764026,2.9723771284174436,2.891783430562254,2.1681519060320773,3.852065257253483,
historical_id,0.7,0.8,8,5,0.625,-0.17500000000000004,0.25,0.875,whole-trajectory percentile; quadrant-stratified for aggregate,0.3057423946026274,0.8631557141764026,3.614882683357556,3.516867946270816,2.636817079862591,4.684723166680644,
historical_id,0.7,0.9,8,6,0.75,-0.15000000000000002,0.5,1.0,whole-trajectory percentile; quadrant-stratified for aggregate,0.409275430310169,0.928520787247891,4.557195334839788,4.433630521892009,3.324171639234106,5.905917405978847,
historical_id,0.7,0.95,8,7,0.875,-0.07499999999999996,0.625,1.0,whole-trajectory percentile; quadrant-stratified for aggregate,0.5291118177871466,0.9775825085499432,5.707610666521914,5.552853235126378,4.163323296763894,7.396803232079882,
historical_id,0.8,0.5,8,2,0.25,-0.25,0.0,0.625,whole-trajectory percentile; quadrant-stratified for aggregate,0.07147921275210906,0.5907245696898311,2.3243487091973845,2.257726980431467,1.6864122916862534,3.0208848919171003,
historical_id,0.8,0.7,8,4,0.5,-0.19999999999999996,0.125,0.875,whole-trajectory percentile; quadrant-stratified for aggregate,0.21521606221387762,0.7847839377861223,3.211534318738587,3.1194836004195965,2.330102591260142,4.173932880622176,
historical_id,0.8,0.8,8,5,0.625,-0.17500000000000004,0.25,0.875,whole-trajectory percentile; quadrant-stratified for aggregate,0.3057423946026274,0.8631557141764026,3.9606282672027975,3.8471066165502474,2.873601609853635,5.147507363051477,
historical_id,0.8,0.9,8,5,0.625,-0.275,0.25,0.875,whole-trajectory percentile; quadrant-stratified for aggregate,0.3057423946026274,0.8631557141764026,5.1442205666988565,4.996774159044728,3.7323473713295865,6.6857860566007385,
historical_id,0.8,0.95,8,8,1.0,0.050000000000000044,1.0,1.0,whole-trajectory percentile; quadrant-stratified for aggregate,0.6755924351161198,1.0,7.506763288378939,7.291600414697639,5.446471017970786,9.756310537798964,
historical_id,0.9,0.5,8,2,0.25,-0.25,0.0,0.625,whole-trajectory percentile; quadrant-stratified for aggregate,0.07147921275210906,0.5907245696898311,2.5115850325056206,2.4364858626145867,1.8141008349519139,3.2703376617459763,
historical_id,0.9,0.7,8,4,0.5,-0.19999999999999996,0.125,0.875,whole-trajectory percentile; quadrant-stratified for aggregate,0.21521606221387762,0.7847839377861223,3.5637234256115464,3.4571641542666054,2.5740532604982125,4.640328232565124,
historical_id,0.9,0.8,8,5,0.625,-0.17500000000000004,0.25,0.875,whole-trajectory percentile; quadrant-stratified for aggregate,0.3057423946026274,0.8631557141764026,4.3629268927741816,4.232470553967394,3.1513125044863832,5.680971955247478,
historical_id,0.9,0.9,8,6,0.75,-0.15000000000000002,0.375,1.0,whole-trajectory percentile; quadrant-stratified for aggregate,0.409275430310169,0.928520787247891,5.680298202864249,5.510451005079723,4.102840867112402,7.39632260200347,
historical_id,0.9,0.95,8,7,0.875,-0.07499999999999996,0.625,1.0,whole-trajectory percentile; quadrant-stratified for aggregate,0.5291118177871466,0.9775825085499432,8.762456793905224,8.500449645864595,6.329063113660663,11.409604728350379,
historical_id,1.0,0.5,8,2,0.25,-0.25,0.0,0.625,whole-trajectory percentile; quadrant-stratified for aggregate,0.07147921275210906,0.5907245696898311,2.7633303166114582,2.678649090159003,1.9896964135352961,3.60106199942686,
historical_id,1.0,0.7,8,4,0.5,-0.19999999999999996,0.125,0.875,whole-trajectory percentile; quadrant-stratified for aggregate,0.21521606221387762,0.7847839377861223,3.825454057211651,3.7082244450459068,2.754463399479395,4.9851793515842395,
historical_id,1.0,0.8,8,6,0.75,-0.050000000000000044,0.375,1.0,whole-trajectory percentile; quadrant-stratified for aggregate,0.409275430310169,0.928520787247891,4.631468177510936,4.48953856338211,3.334822321747096,6.035544847943151,
historical_id,1.0,0.9,8,7,0.875,-0.025000000000000022,0.625,1.0,whole-trajectory percentile; quadrant-stratified for aggregate,0.5291118177871466,0.9775825085499432,6.522173887826147,6.322304302696503,4.69619788667701,8.49943721889375,
historical_id,1.0,0.95,8,7,0.875,-0.07499999999999996,0.625,1.0,whole-trajectory percentile; quadrant-stratified for aggregate,0.5291118177871466,0.9775825085499432,8.649779398639117,8.384710136518423,6.228149759688552,11.27204797364234,
high_nu,0.1,0.5,64,52,0.8125,0.3125,0.71875,0.90625,whole-trajectory percentile; quadrant-stratified for aggregate,0.7002563943589847,0.8893535682705119,0.629317965513988,0.5927250237032264,0.5700506998469873,0.6923083156144082,
high_nu,0.1,0.7,64,58,0.90625,0.20625000000000004,0.828125,0.96875,whole-trajectory percentile; quadrant-stratified for aggregate,0.810171204003544,0.9563217474148016,0.8968408869336991,0.844692294032378,0.812379120355153,0.9866084202762212,
high_nu,0.1,0.8,64,59,0.921875,0.12187499999999996,0.84375,0.984375,whole-trajectory percentile; quadrant-stratified for aggregate,0.8298046264583709,0.9661688230914496,1.040146562272278,0.9796651765282587,0.9421886999244914,1.144257996719835,
high_nu,0.1,0.9,64,62,0.96875,0.06874999999999998,0.921875,1.0,whole-trajectory percentile; quadrant-stratified for aggregate,0.8930270822904169,0.9913878616538281,1.3354412981905408,1.2577894140965244,1.2096734693031201,1.4691096812993527,
high_nu,0.1,0.95,64,63,0.984375,0.034375000000000044,0.953125,1.0,whole-trajectory percentile; quadrant-stratified for aggregate,0.9166589839990573,0.9972364580766624,1.5846185642367594,1.492477773585711,1.4353839728632616,1.7432278581179146,
high_nu,0.2,0.5,64,55,0.859375,0.359375,0.765625,0.9375,whole-trajectory percentile; quadrant-stratified for aggregate,0.7538371825842297,0.9242142744396914,1.1299113052058911,1.0404558558917198,1.023428036647855,1.2439512291573165,
high_nu,0.2,0.7,64,61,0.953125,0.25312500000000004,0.890625,1.0,whole-trajectory percentile; quadrant-stratified for aggregate,0.8710034625990631,0.983930983213707,1.5290875404636375,1.4080291774375668,1.3849857525889977,1.6834156067694885,
high_nu,0.2,0.8,64,62,0.96875,0.16874999999999996,0.921875,1.0,whole-trajectory percentile; quadrant-stratified for aggregate,0.8930270822904169,0.9913878616538281,1.858130914782607,1.7110220796903322,1.6830199549194944,2.0456687394218505,
high_nu,0.2,0.9,64,63,0.984375,0.08437499999999998,0.953125,1.0,whole-trajectory percentile; quadrant-stratified for aggregate,0.9166589839990573,0.9972364580766624,2.4708717404116514,2.2752520128119382,2.2380158534986756,2.720252398939469,
high_nu,0.2,0.95,64,63,0.984375,0.034375000000000044,0.953125,1.0,whole-trajectory percentile; quadrant-stratified for aggregate,0.9166589839990573,0.9972364580766624,2.9111467938534874,2.6806703456014542,2.636799219461105,3.2049636248320867,
high_nu,0.3,0.5,64,55,0.859375,0.359375,0.765625,0.9375,whole-trajectory percentile; quadrant-stratified for aggregate,0.7538371825842297,0.9242142744396914,1.476496671161752,1.4026353822747128,1.337527977588657,1.626208599761344,
high_nu,0.3,0.7,64,59,0.921875,0.22187500000000004,0.84375,0.984375,whole-trajectory percentile; quadrant-stratified for aggregate,0.8298046264583709,0.9661688230914496,1.9504891983350956,1.852916580012887,1.7669080626541156,2.148262417400775,
high_nu,0.3,0.8,64,61,0.953125,0.15312499999999996,0.890625,1.0,whole-trajectory percentile; quadrant-stratified for aggregate,0.8710034625990631,0.983930983213707,2.394882161144177,2.275078922430809,2.1694745109299385,2.637715371754494,
high_nu,0.3,0.9,64,61,0.953125,0.05312499999999998,0.890625,1.0,whole-trajectory percentile; quadrant-stratified for aggregate,0.8710034625990631,0.983930983213707,3.2538112606683285,3.0910403596550373,2.947560722580278,3.583737069949316,
high_nu,0.3,0.95,64,63,0.984375,0.034375000000000044,0.953125,1.0,whole-trajectory percentile; quadrant-stratified for aggregate,0.9166589839990573,0.9972364580766624,4.536838546439407,4.30988460264978,4.109828761680012,4.996859122034734,
high_nu,0.4,0.5,64,54,0.84375,0.34375,0.75,0.921875,whole-trajectory percentile; quadrant-stratified for aggregate,0.7357193822745122,0.912851576617934,1.8000891821564284,1.7020878984891912,1.629111268709677,1.9873771264222801,
high_nu,0.4,0.7,64,58,0.90625,0.20625000000000004,0.828125,0.96875,whole-trajectory percentile; quadrant-stratified for aggregate,0.810171204003544,0.9563217474148016,2.510704244646635,2.374015328717819,2.2722299638794285,2.7719272114310414,
high_nu,0.4,0.8,64,59,0.921875,0.12187499999999996,0.84375,0.984375,whole-trajectory percentile; quadrant-stratified for aggregate,0.8298046264583709,0.9661688230914496,3.0361526041519613,2.8708569868203413,2.747769649401939,3.3520451640015985,
high_nu,0.4,0.9,64,62,0.96875,0.06874999999999998,0.921875,1.0,whole-trajectory percentile; quadrant-stratified for aggregate,0.8930270822904169,0.9913878616538281,4.033233738643857,3.8136545713252676,3.6501450028678533,4.452866311930797,
high_nu,0.4,0.95,64,62,0.96875,0.018750000000000044,0.921875,1.0,whole-trajectory percentile; quadrant-stratified for aggregate,0.8930270822904169,0.9913878616538281,5.350710335421982,5.059404500910645,4.842483688833027,5.907418052471162,
high_nu,0.5,0.5,64,52,0.8125,0.3125,0.71875,0.90625,whole-trajectory percentile; quadrant-stratified for aggregate,0.7002563943589847,0.8893535682705119,2.125287009930263,1.9501334527603653,1.9225994139597682,2.350520526946054,
high_nu,0.5,0.7,64,59,0.921875,0.22187500000000004,0.84375,0.984375,whole-trajectory percentile; quadrant-stratified for aggregate,0.8298046264583709,0.9661688230914496,2.8295104854584414,2.5963190039023423,2.5596614366517594,3.1293761483524962,
high_nu,0.5,0.8,64,60,0.9375,0.13749999999999996,0.875,0.984375,whole-trajectory percentile; quadrant-stratified for aggregate,0.8500251490779133,0.9754287986033819,3.64238071220054,3.3421972850549126,3.2950086223530373,4.028392678719043,
high_nu,0.5,0.9,64,62,0.96875,0.06874999999999998,0.921875,1.0,whole-trajectory percentile; quadrant-stratified for aggregate,0.8930270822904169,0.9913878616538281,5.336356890554315,4.896565988270791,4.827431110491071,5.901892945164858,
high_nu,0.5,0.95,64,63,0.984375,0.034375000000000044,0.953125,1.0,whole-trajectory percentile; quadrant-stratified for aggregate,0.9166589839990573,0.9972364580766624,6.860644585921291,6.295230927395264,6.206348224332931,7.587721494528144,
high_nu,0.6,0.5,64,55,0.859375,0.359375,0.765625,0.9375,whole-trajectory percentile; quadrant-stratified for aggregate,0.7538371825842297,0.9242142744396914,2.557764700605706,2.3569074538328967,2.3094061869956484,2.835830705904414,
high_nu,0.6,0.7,64,61,0.953125,0.25312500000000004,0.890625,1.0,whole-trajectory percentile; quadrant-stratified for aggregate,0.8710034625990631,0.983930983213707,3.523799359999322,3.247080927900528,3.181639046698315,3.9068873005268916,
high_nu,0.6,0.8,64,62,0.96875,0.16874999999999996,0.921875,1.0,whole-trajectory percentile; quadrant-stratified for aggregate,0.8930270822904169,0.9913878616538281,4.503990212899205,4.1502989318207,4.066653535946475,4.993639071572083,
high_nu,0.6,0.9,64,63,0.984375,0.08437499999999998,0.953125,1.0,whole-trajectory percentile; quadrant-stratified for aggregate,0.9166589839990573,0.9972364580766624,6.248822727069761,5.758112487682469,5.642063112340432,6.928160108309165,
high_nu,0.6,0.95,64,63,0.984375,0.034375000000000044,0.953125,1.0,whole-trajectory percentile; quadrant-stratified for aggregate,0.9166589839990573,0.9972364580766624,8.119194318713568,7.481606734334109,7.330821943322897,9.00186813539186,
high_nu,0.7,0.5,64,54,0.84375,0.34375,0.75,0.9375,whole-trajectory percentile; quadrant-stratified for aggregate,0.7357193822745122,0.912851576617934,2.883132436032984,2.6622666133872768,2.6010226452375536,3.1998093111745125,
high_nu,0.7,0.7,64,60,0.9375,0.23750000000000004,0.875,0.984375,whole-trajectory percentile; quadrant-stratified for aggregate,0.8500251490779133,0.9754287986033819,4.170926617658019,3.8514077752036444,3.7628082735872166,4.629051950791156,
high_nu,0.7,0.8,64,61,0.953125,0.15312499999999996,0.890625,1.0,whole-trajectory percentile; quadrant-stratified for aggregate,0.8710034625990631,0.983930983213707,5.0725092248824435,4.683923564081816,4.576172498079684,5.629662392869615,
high_nu,0.7,0.9,64,62,0.96875,0.06874999999999998,0.921875,1.0,whole-trajectory percentile; quadrant-stratified for aggregate,0.8930270822904169,0.9913878616538281,6.394789928312471,5.904909366285087,5.7690701985108115,7.097179477392951,
high_nu,0.7,0.95,64,62,0.96875,0.018750000000000044,0.921875,1.0,whole-trajectory percentile; quadrant-stratified for aggregate,0.8930270822904169,0.9913878616538281,8.009086405835692,7.395540723522394,7.225410407406119,8.88878670126448,
high_nu,0.8,0.5,64,54,0.84375,0.34375,0.75,0.921875,whole-trajectory percentile; quadrant-stratified for aggregate,0.7357193822745122,0.912851576617934,3.285334917976435,2.9932833360719475,2.9585001422526878,3.647015794574637,
high_nu,0.8,0.7,64,60,0.9375,0.23750000000000004,0.875,0.984375,whole-trajectory percentile; quadrant-stratified for aggregate,0.8500251490779133,0.9754287986033819,4.539321400391283,4.1357960281367765,4.087736362982462,5.039053021137497,
high_nu,0.8,0.8,64,62,0.96875,0.16874999999999996,0.921875,1.0,whole-trajectory percentile; quadrant-stratified for aggregate,0.8930270822904169,0.9913878616538281,5.598123161072071,5.100475047346646,5.041205411891765,6.214417737653128,
high_nu,0.8,0.9,64,63,0.984375,0.08437499999999998,0.953125,1.0,whole-trajectory percentile; quadrant-stratified for aggregate,0.9166589839990573,0.9972364580766624,7.2710636690069395,6.624698625661622,6.5477168800601655,8.07153142869202,
high_nu,0.8,0.95,64,63,0.984375,0.034375000000000044,0.953125,1.0,whole-trajectory percentile; quadrant-stratified for aggregate,0.9166589839990573,0.9972364580766624,10.610383654873793,9.667167998514454,9.554831496946601,11.778475480258129,
high_nu,0.9,0.5,64,55,0.859375,0.359375,0.765625,0.9375,whole-trajectory percentile; quadrant-stratified for aggregate,0.7538371825842297,0.9242142744396914,3.5827953269907593,3.2044415471076073,3.2224686190098675,3.983940326288701,
high_nu,0.9,0.7,64,59,0.921875,0.22187500000000004,0.84375,0.984375,whole-trajectory percentile; quadrant-stratified for aggregate,0.8298046264583709,0.9661688230914496,5.083678820633352,4.546827306116593,4.572406172689619,5.652869117821429,
high_nu,0.9,0.8,64,63,0.984375,0.18437499999999996,0.953125,1.0,whole-trajectory percentile; quadrant-stratified for aggregate,0.9166589839990573,0.9972364580766624,6.2237487009704395,5.566502436213016,5.597817639872229,6.920586069678938,
high_nu,0.9,0.9,64,63,0.984375,0.08437499999999998,0.953125,1.0,whole-trajectory percentile; quadrant-stratified for aggregate,0.9166589839990573,0.9972364580766624,8.102988986533745,7.247289391217593,7.2880601167968715,9.010234088375613,
high_nu,0.9,0.95,64,64,1.0,0.050000000000000044,1.0,1.0,whole-trajectory percentile; quadrant-stratified for aggregate,0.9433759402071946,1.0,12.4997118743149,11.179705342133342,11.242598470026604,13.899232766081278,
high_nu,1.0,0.5,64,57,0.890625,0.390625,0.8125,0.953125,whole-trajectory percentile; quadrant-stratified for aggregate,0.7910135867310387,0.945998866555832,3.984731449499935,3.50278074513301,3.5776422324233934,4.432838605213628,
high_nu,1.0,0.7,64,60,0.9375,0.23750000000000004,0.875,0.984375,whole-trajectory percentile; quadrant-stratified for aggregate,0.8500251490779133,0.9754287986033819,5.516317393818001,4.849122355167216,4.952757877334928,6.1366606537553725,
high_nu,1.0,0.8,64,63,0.984375,0.18437499999999996,0.953125,1.0,whole-trajectory percentile; quadrant-stratified for aggregate,0.9166589839990573,0.9972364580766624,6.678592419206931,5.8708209642396625,5.996292245766266,7.429640536519183,
high_nu,1.0,0.9,64,63,0.984375,0.08437499999999998,0.953125,1.0,whole-trajectory percentile; quadrant-stratified for aggregate,0.9166589839990573,0.9972364580766624,9.404996302359297,8.267468052354086,8.444160514588532,10.462645028743836,
high_nu,1.0,0.95,64,64,1.0,0.050000000000000044,1.0,1.0,whole-trajectory percentile; quadrant-stratified for aggregate,0.9433759402071946,1.0,12.473010480795233,10.964407890387363,11.198739394885129,13.875675960406829,
velocity_pp,0.1,0.5,16,5,0.3125,-0.1875,0.125,0.5625,whole-trajectory percentile; quadrant-stratified for aggregate,0.14164643854782039,0.5559564416525933,0.6615343777311649,0.660294740561836,0.5994376209432085,0.7227224213425721,
velocity_pp,0.1,0.7,16,9,0.5625,-0.13749999999999996,0.3125,0.8125,whole-trajectory percentile; quadrant-stratified for aggregate,0.33178556398811904,0.7690134759450764,0.9427524885246003,0.940985881881631,0.8542584148047563,1.0299515553069585,
velocity_pp,0.1,0.8,16,10,0.625,-0.17500000000000004,0.375,0.875,whole-trajectory percentile; quadrant-stratified for aggregate,0.3864104054550273,0.8151876744113637,1.093394351550111,1.091345459875631,0.9907598620857944,1.194526905683681,
velocity_pp,0.1,0.9,16,13,0.8125,-0.08750000000000002,0.625,1.0,whole-trajectory percentile; quadrant-stratified for aggregate,0.5699111903802587,0.9340840092857186,1.403805987762385,1.4011754214010042,1.2720338502379118,1.533649794664384,
velocity_pp,0.1,0.95,16,13,0.8125,-0.13749999999999996,0.625,1.0,whole-trajectory percentile; quadrant-stratified for aggregate,0.5699111903802587,0.9340840092857186,1.6657392816959338,1.662617883326459,1.509380049992253,1.819810379502229,
velocity_pp,0.2,0.5,16,7,0.4375,-0.0625,0.1875,0.6875,whole-trajectory percentile; quadrant-stratified for aggregate,0.23098652405492354,0.6682144360118809,1.2315910194677433,1.2381257070508442,1.1091951903859854,1.3547445683547001,
velocity_pp,0.2,0.7,16,8,0.5,-0.19999999999999996,0.25,0.75,whole-trajectory percentile; quadrant-stratified for aggregate,0.27999563610326017,0.7200043638967398,1.6666887694090988,1.6755320381843606,1.501052815160876,1.8333501314994727,
velocity_pp,0.2,0.8,16,11,0.6875,-0.11250000000000004,0.4375,0.875,whole-trajectory percentile; quadrant-stratified for aggregate,0.44404355834740666,0.8583535614521796,2.025342464579236,2.036088710732065,1.8240634147906152,2.2278675790707214,
velocity_pp,0.2,0.9,16,16,1.0,0.09999999999999998,1.0,1.0,whole-trajectory percentile; quadrant-stratified for aggregate,0.8063923194655636,1.0,2.6932232925956185,2.707513241556313,2.4255700760741123,2.9625334785139184,
velocity_pp,0.2,0.95,16,16,1.0,0.050000000000000044,1.0,1.0,whole-trajectory percentile; quadrant-stratified for aggregate,0.8063923194655636,1.0,3.1731183068470594,3.189954526396977,2.857773001626424,3.4904158304156163,
velocity_pp,0.3,0.5,16,6,0.375,-0.125,0.125,0.625,whole-trajectory percentile; quadrant-stratified for aggregate,0.18481232558863642,0.6135895945449727,1.6594297202584705,1.6715016198121893,1.489410079884544,1.8326784185333709,
velocity_pp,0.3,0.7,16,8,0.5,-0.19999999999999996,0.25,0.75,whole-trajectory percentile; quadrant-stratified for aggregate,0.27999563610326017,0.7200043638967398,2.192148352230042,2.2080956348367735,1.9675481356963795,2.4210142353782405,
velocity_pp,0.3,0.8,16,13,0.8125,0.012499999999999956,0.625,1.0,whole-trajectory percentile; quadrant-stratified for aggregate,0.5699111903802587,0.9340840092857186,2.6916001318123612,2.711180790175497,2.4158277499787566,2.972610055535078,
velocity_pp,0.3,0.9,16,16,1.0,0.09999999999999998,1.0,1.0,whole-trajectory percentile; quadrant-stratified for aggregate,0.8063923194655636,1.0,3.656947702981437,3.683551002177933,3.2822690252786426,4.038742377059131,
velocity_pp,0.3,0.95,16,16,1.0,0.050000000000000044,1.0,1.0,whole-trajectory percentile; quadrant-stratified for aggregate,0.8063923194655636,1.0,5.098937821547603,5.136031206377901,4.576517640611284,5.631279944497036,
velocity_pp,0.4,0.5,16,6,0.375,-0.125,0.125,0.625,whole-trajectory percentile; quadrant-stratified for aggregate,0.18481232558863642,0.6135895945449727,2.0719756834868477,2.0913917991950504,1.85616772952725,2.2959838303698334,
velocity_pp,0.4,0.7,16,9,0.5625,-0.13749999999999996,0.3125,0.8125,whole-trajectory percentile; quadrant-stratified for aggregate,0.33178556398811904,0.7690134759450764,2.889922452121584,2.9170034015580653,2.588920728759312,3.2023615305792332,
velocity_pp,0.4,0.8,16,14,0.875,0.07499999999999996,0.6875,1.0,whole-trajectory percentile; quadrant-stratified for aggregate,0.6397717273424132,0.9650225122567596,3.4947348328719956,3.527483371585703,3.1307384887429746,3.8725621790122986,
velocity_pp,0.4,0.9,16,16,1.0,0.09999999999999998,1.0,1.0,whole-trajectory percentile; quadrant-stratified for aggregate,0.8063923194655636,1.0,4.642415673137808,4.685918924934435,4.158881896253018,5.14432259235901,
velocity_pp,0.4,0.95,16,16,1.0,0.050000000000000044,1.0,1.0,whole-trajectory percentile; quadrant-stratified for aggregate,0.8063923194655636,1.0,6.158884689865705,6.2165985031719835,5.5174021115777885,6.824742092169317,
velocity_pp,0.5,0.5,16,6,0.375,-0.125,0.125,0.625,whole-trajectory percentile; quadrant-stratified for aggregate,0.18481232558863642,0.6135895945449727,2.4907828422880245,2.4751398559299918,2.2267716535975848,2.7703819406187264,
velocity_pp,0.5,0.7,16,9,0.5625,-0.13749999999999996,0.3125,0.8125,whole-trajectory percentile; quadrant-stratified for aggregate,0.33178556398811904,0.7690134759450764,3.31611501708901,3.295288656358847,2.9646225253984597,3.688360542872093,
velocity_pp,0.5,0.8,16,13,0.8125,0.012499999999999956,0.625,1.0,whole-trajectory percentile; quadrant-stratified for aggregate,0.5699111903802587,0.9340840092857186,4.268778447635472,4.241969027766301,3.816308142684636,4.747963780322292,
velocity_pp,0.5,0.9,16,16,1.0,0.09999999999999998,1.0,1.0,whole-trajectory percentile; quadrant-stratified for aggregate,0.8063923194655636,1.0,6.254075859502056,6.2147980783597925,5.591173428268593,6.956117780427725,
velocity_pp,0.5,0.95,16,16,1.0,0.050000000000000044,1.0,1.0,whole-trajectory percentile; quadrant-stratified for aggregate,0.8063923194655636,1.0,8.040502643551047,7.990005478150126,7.188247431032177,8.943077228173362,
velocity_pp,0.6,0.5,16,5,0.3125,-0.1875,0.125,0.5625,whole-trajectory percentile; quadrant-stratified for aggregate,0.14164643854782039,0.5559564416525933,3.0381161286638925,2.976480243675671,2.712820381650029,3.3928606681484323,
velocity_pp,0.6,0.7,16,11,0.6875,-0.012499999999999956,0.4375,0.875,whole-trajectory percentile; quadrant-stratified for aggregate,0.44404355834740666,0.8583535614521796,4.185573312218366,4.1006583503287715,3.7374175671388827,4.674300277956399,
velocity_pp,0.6,0.8,16,13,0.8125,0.012499999999999956,0.625,1.0,whole-trajectory percentile; quadrant-stratified for aggregate,0.5699111903802587,0.9340840092857186,5.349845240225951,5.241310071731138,4.7770291166391265,5.974517999819294,
velocity_pp,0.6,0.9,16,15,0.9375,0.03749999999999998,0.8125,1.0,whole-trajectory percentile; quadrant-stratified for aggregate,0.7167126242970108,0.9888806552353575,7.422359495295389,7.271778122886017,6.6276360961969525,8.28902863812543,
velocity_pp,0.6,0.95,16,16,1.0,0.050000000000000044,1.0,1.0,whole-trajectory percentile; quadrant-stratified for aggregate,0.8063923194655636,1.0,9.643989224496886,9.44833646288565,8.611392527689242,10.770066165388073,
velocity_pp,0.7,0.5,16,5,0.3125,-0.1875,0.125,0.5625,whole-trajectory percentile; quadrant-stratified for aggregate,0.14164643854782039,0.5559564416525933,3.458633796852952,3.3528040929667986,3.0891383393527247,3.8687887417030544,
velocity_pp,0.7,0.7,16,11,0.6875,-0.012499999999999956,0.4375,0.875,whole-trajectory percentile; quadrant-stratified for aggregate,0.44404355834740666,0.8583535614521796,5.003484260291037,4.85038413788217,4.468948135786143,5.596841039694901,
velocity_pp,0.7,0.8,16,13,0.8125,0.012499999999999956,0.625,1.0,whole-trajectory percentile; quadrant-stratified for aggregate,0.5699111903802587,0.9340840092857186,6.08503155136578,5.898837486008267,5.434950724936266,6.806647636489486,
velocity_pp,0.7,0.9,16,13,0.8125,-0.08750000000000002,0.625,1.0,whole-trajectory percentile; quadrant-stratified for aggregate,0.5699111903802587,0.9340840092857186,7.671252382796664,7.436522019366448,6.851711178012191,8.580976361339905,
velocity_pp,0.7,0.95,16,16,1.0,0.050000000000000044,1.0,1.0,whole-trajectory percentile; quadrant-stratified for aggregate,0.8063923194655636,1.0,9.607778185608797,9.313792646777827,8.58135254913857,10.747152274717639,
velocity_pp,0.8,0.5,16,6,0.375,-0.125,0.125,0.625,whole-trajectory percentile; quadrant-stratified for aggregate,0.18481232558863642,0.6135895945449727,3.969350906746003,3.8171999669692562,3.5376700487512713,4.440915015263437,
velocity_pp,0.8,0.7,16,11,0.6875,-0.012499999999999956,0.4375,0.875,whole-trajectory percentile; quadrant-stratified for aggregate,0.44404355834740666,0.8583535614521796,5.484420908828606,5.274195152775815,4.887970864690729,6.135977326330201,
velocity_pp,0.8,0.8,16,12,0.75,-0.050000000000000044,0.5,0.9375,whole-trajectory percentile; quadrant-stratified for aggregate,0.5050168346449122,0.8981793250878696,6.763668180035645,6.504407032783201,6.0280955003344685,7.567200855921168,
velocity_pp,0.8,0.9,16,14,0.875,-0.025000000000000022,0.6875,1.0,whole-trajectory percentile; quadrant-stratified for aggregate,0.6397717273424132,0.9650225122567596,8.784919616462565,8.448180989188188,7.829528741091924,9.82857962150116,
velocity_pp,0.8,0.95,16,16,1.0,0.050000000000000044,1.0,1.0,whole-trajectory percentile; quadrant-stratified for aggregate,0.8063923194655636,1.0,12.8194954343764,12.328105702496266,11.425330262744406,14.342468353167991,
velocity_pp,0.9,0.5,16,6,0.375,-0.125,0.125,0.625,whole-trajectory percentile; quadrant-stratified for aggregate,0.18481232558863642,0.6135895945449727,4.349808495156163,4.158022269571546,3.879536374397411,4.868428565235587,
velocity_pp,0.9,0.7,16,10,0.625,-0.07499999999999996,0.375,0.875,whole-trajectory percentile; quadrant-stratified for aggregate,0.3864104054550273,0.8151876744113637,6.172004622772985,5.899876442369049,5.504728877986417,6.907881954742319,
velocity_pp,0.9,0.8,16,12,0.75,-0.050000000000000044,0.5,0.9375,whole-trajectory percentile; quadrant-stratified for aggregate,0.5050168346449122,0.8981793250878696,7.556143318389498,7.222987454487884,6.739223781114898,8.4570490896843,
velocity_pp,0.9,0.9,16,13,0.8125,-0.08750000000000002,0.625,1.0,whole-trajectory percentile; quadrant-stratified for aggregate,0.5699111903802587,0.9340840092857186,9.837695741158985,9.40394456872283,8.77411005808213,11.010627023164025,
velocity_pp,0.9,0.95,16,16,1.0,0.050000000000000044,1.0,1.0,whole-trajectory percentile; quadrant-stratified for aggregate,0.8063923194655636,1.0,15.175679305009748,14.506572548279786,13.534986640339827,16.985049044719286,
velocity_pp,1.0,0.5,16,6,0.375,-0.125,0.125,0.625,whole-trajectory percentile; quadrant-stratified for aggregate,0.18481232558863642,0.6135895945449727,4.851499449281167,4.6260446263722015,4.325887294100463,5.440456834162519,
velocity_pp,1.0,0.7,16,11,0.6875,-0.012499999999999956,0.4375,0.875,whole-trajectory percentile; quadrant-stratified for aggregate,0.44404355834740666,0.8583535614521796,6.716239510074565,6.404128047383908,5.98860114579048,7.5315707080769485,
velocity_pp,1.0,0.8,16,11,0.6875,-0.11250000000000004,0.4375,0.875,whole-trajectory percentile; quadrant-stratified for aggregate,0.44404355834740666,0.8583535614521796,8.13133528680383,7.753462677260114,7.250385240478026,9.118454839464814,
velocity_pp,1.0,0.9,16,14,0.875,-0.025000000000000022,0.6875,1.0,whole-trajectory percentile; quadrant-stratified for aggregate,0.6397717273424132,0.9650225122567596,11.45079284756158,10.918661183814455,10.210212286838976,12.840884525572012,
velocity_pp,1.0,0.95,16,16,1.0,0.050000000000000044,1.0,1.0,whole-trajectory percentile; quadrant-stratified for aggregate,0.8063923194655636,1.0,15.186168565023463,14.4804496465146,13.540896856380455,17.029723576814472,
velocity_pn,0.1,0.5,16,4,0.25,-0.25,0.0625,0.4375,whole-trajectory percentile; quadrant-stratified for aggregate,0.10182067491213048,0.49498316535508774,0.684473410281308,0.6514091080375026,0.6062512051829105,0.7697831891640695,
velocity_pn,0.1,0.7,16,9,0.5625,-0.13749999999999996,0.3125,0.8125,whole-trajectory percentile; quadrant-stratified for aggregate,0.33178556398811904,0.7690134759450764,0.9754428985002137,0.9283229690286958,0.8639684521270516,1.0970178446323262,
velocity_pn,0.1,0.8,16,10,0.625,-0.17500000000000004,0.375,0.875,whole-trajectory percentile; quadrant-stratified for aggregate,0.3864104054550273,0.8151876744113637,1.13130834281746,1.0766591476610232,1.0020214605337112,1.2723096777477918,
velocity_pn,0.1,0.9,16,13,0.8125,-0.08750000000000002,0.625,1.0,whole-trajectory percentile; quadrant-stratified for aggregate,0.5699111903802587,0.9340840092857186,1.4524836564238517,1.382319705715455,1.2864925853782105,1.6335148808645767,
velocity_pn,0.1,0.95,16,14,0.875,-0.07499999999999996,0.6875,1.0,whole-trajectory percentile; quadrant-stratified for aggregate,0.6397717273424132,0.9650225122567596,1.7234996171964463,1.6402439181377415,1.5265366110105045,1.938309088300847,
velocity_pn,0.2,0.5,16,3,0.1875,-0.3125,0.0,0.375,whole-trajectory percentile; quadrant-stratified for aggregate,0.06591599071428145,0.4300888096197414,1.2593899173887249,1.1671326669302378,1.116856398557196,1.4147041103554585,
velocity_pn,0.2,0.7,16,10,0.625,-0.07499999999999996,0.375,0.8140624999999915,whole-trajectory percentile; quadrant-stratified for aggregate,0.3864104054550273,0.8151876744113637,1.7043084907569157,1.5794585033786581,1.5114205828834602,1.9144922425508875,
velocity_pn,0.2,0.8,16,10,0.625,-0.17500000000000004,0.375,0.8140624999999915,whole-trajectory percentile; quadrant-stratified for aggregate,0.3864104054550273,0.8151876744113637,2.0710575498128065,1.9193411731379846,1.8366622158486485,2.326470609339113,
velocity_pn,0.2,0.9,16,14,0.875,-0.025000000000000022,0.6875,1.0,whole-trajectory percentile; quadrant-stratified for aggregate,0.6397717273424132,0.9650225122567596,2.754013472294746,2.5522668113350013,2.4423234820099937,3.093652033762556,
velocity_pn,0.2,0.95,16,15,0.9375,-0.012499999999999956,0.8125,1.0,whole-trajectory percentile; quadrant-stratified for aggregate,0.7167126242970108,0.9888806552353575,3.2447404529238977,3.0070453368165104,2.877511631996708,3.644897892549355,
velocity_pn,0.3,0.5,16,4,0.25,-0.25,0.0625,0.5,whole-trajectory percentile; quadrant-stratified for aggregate,0.10182067491213048,0.49498316535508774,1.6828667890696165,1.533970152524391,1.4859250052813298,1.8910593748257951,
velocity_pn,0.3,0.7,16,7,0.4375,-0.26249999999999996,0.1875,0.6875,whole-trajectory percentile; quadrant-stratified for aggregate,0.23098652405492354,0.6682144360118809,2.2231093089661025,2.026413111187765,1.9629442645859805,2.4981369454126963,
velocity_pn,0.3,0.8,16,10,0.625,-0.17500000000000004,0.375,0.8140624999999915,whole-trajectory percentile; quadrant-stratified for aggregate,0.3864104054550273,0.8151876744113637,2.729615129815139,2.4881043254352324,2.4101749482078403,3.067304146965202,
velocity_pn,0.3,0.9,16,13,0.8125,-0.08750000000000002,0.625,1.0,whole-trajectory percentile; quadrant-stratified for aggregate,0.5699111903802587,0.9340840092857186,3.708596853232999,3.3804677337238505,3.274588835265559,4.167398686757011,
velocity_pn,0.3,0.95,16,16,1.0,0.050000000000000044,1.0,1.0,whole-trajectory percentile; quadrant-stratified for aggregate,0.8063923194655636,1.0,5.1709530175685305,4.713437593858135,4.565809034824426,5.810667394573074,
velocity_pn,0.4,0.5,16,5,0.3125,-0.1875,0.125,0.5625,whole-trajectory percentile; quadrant-stratified for aggregate,0.14164643854782039,0.5559564416525933,2.09037224822775,1.9040874763624505,1.8415686068182782,2.350871573479354,
velocity_pn,0.4,0.7,16,9,0.5625,-0.13749999999999996,0.3125,0.8125,whole-trajectory percentile; quadrant-stratified for aggregate,0.33178556398811904,0.7690134759450764,2.9155813659352687,2.655757590496018,2.5685583602073145,3.278917120696752,
velocity_pn,0.4,0.8,16,11,0.6875,-0.11250000000000004,0.4375,0.875,whole-trajectory percentile; quadrant-stratified for aggregate,0.44404355834740666,0.8583535614521796,3.525763727717431,3.211563186533616,3.1061146173978447,3.9651395723047558,
velocity_pn,0.4,0.9,16,12,0.75,-0.15000000000000002,0.5625,0.9375,whole-trajectory percentile; quadrant-stratified for aggregate,0.5050168346449122,0.8981793250878696,4.683634545137951,4.266249654250137,4.1261714756538055,5.2673026644252925,
velocity_pn,0.4,0.95,16,16,1.0,0.050000000000000044,1.0,1.0,whole-trajectory percentile; quadrant-stratified for aggregate,0.8063923194655636,1.0,6.213567918936322,5.659842101331378,5.474006663429264,6.9878942388825545,
velocity_pn,0.5,0.5,16,5,0.3125,-0.1875,0.125,0.5625,whole-trajectory percentile; quadrant-stratified for aggregate,0.14164643854782039,0.5559564416525933,2.5056421952968915,2.2779520468353507,2.1963564378739173,2.8296062669336974,
velocity_pn,0.5,0.7,16,6,0.375,-0.32499999999999996,0.125,0.625,whole-trajectory percentile; quadrant-stratified for aggregate,0.18481232558863642,0.6135895945449727,3.3358980840109203,3.032761773716219,2.924129090203361,3.76720911792075,
velocity_pn,0.5,0.8,16,11,0.6875,-0.11250000000000004,0.4375,0.875,whole-trajectory percentile; quadrant-stratified for aggregate,0.44404355834740666,0.8583535614521796,4.294244853133829,3.9040226378568414,3.764181632433704,4.8494642096077465,
velocity_pn,0.5,0.9,16,15,0.9375,0.03749999999999998,0.8125,1.0,whole-trajectory percentile; quadrant-stratified for aggregate,0.7167126242970108,0.9888806552353575,6.291386025351441,5.719681645200949,5.5148042389561285,7.1048234095228295,
velocity_pn,0.5,0.95,16,16,1.0,0.050000000000000044,1.0,1.0,whole-trajectory percentile; quadrant-stratified for aggregate,0.8063923194655636,1.0,8.088470160076696,7.353462993039271,7.0900639931674485,9.134259431701237,
velocity_pn,0.6,0.5,16,5,0.3125,-0.1875,0.125,0.5625,whole-trajectory percentile; quadrant-stratified for aggregate,0.14164643854782039,0.5559564416525933,3.0524998743482916,2.7683667880804173,2.6647122719290794,3.4567265167995807,
velocity_pn,0.6,0.7,16,8,0.5,-0.19999999999999996,0.25,0.75,whole-trajectory percentile; quadrant-stratified for aggregate,0.27999563610326017,0.7200043638967398,4.205389612687707,3.813943133147089,3.6711396463413526,4.7622874319543556,
velocity_pn,0.6,0.8,16,12,0.75,-0.050000000000000044,0.5625,0.9375,whole-trajectory percentile; quadrant-stratified for aggregate,0.5050168346449122,0.8981793250878696,5.375173703697211,4.874841269127176,4.69231512582796,6.086979930815196,
velocity_pn,0.6,0.9,16,15,0.9375,0.03749999999999998,0.8125,1.0,whole-trajectory percentile; quadrant-stratified for aggregate,0.7167126242970108,0.9888806552353575,7.45750013075407,6.7633403878493725,6.510104155393543,8.445057989238295,
velocity_pn,0.6,0.95,16,16,1.0,0.050000000000000044,1.0,1.0,whole-trajectory percentile; quadrant-stratified for aggregate,0.8063923194655636,1.0,9.689648008596512,8.787715262696011,8.458681415897807,10.972797571996912,
velocity_pn,0.7,0.5,16,4,0.25,-0.25,0.0625,0.4375,whole-trajectory percentile; quadrant-stratified for aggregate,0.10182067491213048,0.49498316535508774,3.475055791450617,3.1432338858082085,3.021844517634297,3.9471990378232538,
velocity_pn,0.7,0.7,16,8,0.5,-0.19999999999999996,0.25,0.75,whole-trajectory percentile; quadrant-stratified for aggregate,0.27999563610326017,0.7200043638967398,5.027241384149239,4.547206266348603,4.371596523109093,5.710274466164959,
velocity_pn,0.7,0.8,16,11,0.6875,-0.11250000000000004,0.4375,0.875,whole-trajectory percentile; quadrant-stratified for aggregate,0.44404355834740666,0.8583535614521796,6.113923987261733,5.530125041242753,5.316555701808577,6.94460069942361,
velocity_pn,0.7,0.9,16,14,0.875,-0.025000000000000022,0.6875,1.0,whole-trajectory percentile; quadrant-stratified for aggregate,0.6397717273424132,0.9650225122567596,7.707676379260885,6.9716951410506915,6.702453430437209,8.754890457563445,
velocity_pn,0.7,0.95,16,16,1.0,0.050000000000000044,1.0,1.0,whole-trajectory percentile; quadrant-stratified for aggregate,0.8063923194655636,1.0,9.653397031293817,8.731625183277085,8.394416275942824,10.964969128666231,
velocity_pn,0.8,0.5,16,4,0.25,-0.25,0.0625,0.4375,whole-trajectory percentile; quadrant-stratified for aggregate,0.10182067491213048,0.49498316535508774,3.9923392285398913,3.60056112178545,3.4553899701583175,4.557787097085147,
velocity_pn,0.8,0.7,16,7,0.4375,-0.26249999999999996,0.1875,0.6875,whole-trajectory percentile; quadrant-stratified for aggregate,0.23098652405492354,0.6682144360118809,5.5161836921317935,4.974866965345653,4.774285127647845,6.2974585619931815,
velocity_pn,0.8,0.8,16,11,0.6875,-0.11250000000000004,0.4375,0.875,whole-trajectory percentile; quadrant-stratified for aggregate,0.44404355834740666,0.8583535614521796,6.802839667838724,6.1352602130250595,5.887892438800104,7.766347769238552,
velocity_pn,0.8,0.9,16,14,0.875,-0.025000000000000022,0.6875,1.0,whole-trajectory percentile; quadrant-stratified for aggregate,0.6397717273424132,0.9650225122567596,8.835797093365265,7.968718506415863,7.647427462203513,10.087239505278994,
velocity_pn,0.8,0.95,16,16,1.0,0.050000000000000044,1.0,1.0,whole-trajectory percentile; quadrant-stratified for aggregate,0.8063923194655636,1.0,12.893738980287113,11.62844453572402,11.159596867878795,14.719920776629264,
velocity_pn,0.9,0.5,16,4,0.25,-0.25,0.0625,0.4375,whole-trajectory percentile; quadrant-stratified for aggregate,0.10182067491213048,0.49498316535508774,4.384198219652795,3.9402055081254748,3.784063209976459,5.024903148954699,
velocity_pn,0.9,0.7,16,6,0.375,-0.32499999999999996,0.125,0.625,whole-trajectory percentile; quadrant-stratified for aggregate,0.18481232558863642,0.6135895945449727,6.220800687888373,5.590813167500821,5.369260658451449,7.129905948473601,
velocity_pn,0.9,0.8,16,11,0.6875,-0.11250000000000004,0.4375,0.875,whole-trajectory percentile; quadrant-stratified for aggregate,0.44404355834740666,0.8583535614521796,7.615882428114869,6.844613402281501,6.573375350263696,8.728864361916068,
velocity_pn,0.9,0.9,16,15,0.9375,0.03749999999999998,0.8125,1.0,whole-trajectory percentile; quadrant-stratified for aggregate,0.7167126242970108,0.9888806552353575,9.915472877002298,8.911321725943143,8.55818424340204,11.364516015648936,
velocity_pn,0.9,0.95,16,16,1.0,0.050000000000000044,1.0,1.0,whole-trajectory percentile; quadrant-stratified for aggregate,0.8063923194655636,1.0,15.295658708914473,13.746650054532683,13.201898384362522,17.530959997937213,
velocity_pn,1.0,0.5,16,4,0.25,-0.25,0.0625,0.5,whole-trajectory percentile; quadrant-stratified for aggregate,0.10182067491213048,0.49498316535508774,4.906530366908805,4.390000701358122,4.213513223341406,5.646376860036169,
velocity_pn,1.0,0.7,16,6,0.375,-0.32499999999999996,0.125,0.625,whole-trajectory percentile; quadrant-stratified for aggregate,0.18481232558863642,0.6135895945449727,6.792422312342255,6.077357416599332,5.8330345664617465,7.816638907743157,
velocity_pn,1.0,0.8,16,10,0.625,-0.17500000000000004,0.375,0.875,whole-trajectory percentile; quadrant-stratified for aggregate,0.3864104054550273,0.8151876744113637,8.223569625290072,7.357842247583049,7.062041150895512,9.463586234438809,
velocity_pn,1.0,0.9,16,14,0.875,-0.025000000000000022,0.6875,1.0,whole-trajectory percentile; quadrant-stratified for aggregate,0.6397717273424132,0.9650225122567596,11.580680039048053,10.36153650174074,9.944980430347709,13.326909018431236,
velocity_pn,1.0,0.95,16,16,1.0,0.050000000000000044,1.0,1.0,whole-trajectory percentile; quadrant-stratified for aggregate,0.8063923194655636,1.0,15.35842639997077,13.741584709707343,13.189143424534185,17.67429465355541,
velocity_np,0.1,0.5,16,5,0.3125,-0.1875,0.125,0.5625,whole-trajectory percentile; quadrant-stratified for aggregate,0.14164643854782039,0.5559564416525933,0.42640178290583686,0.3888428763253274,0.3701957371103763,0.48820691355034856,
velocity_np,0.1,0.7,16,8,0.5,-0.19999999999999996,0.25,0.75,whole-trajectory percentile; quadrant-stratified for aggregate,0.27999563610326017,0.7200043638967398,0.6076650820846164,0.5541398930135994,0.5275658592361683,0.695743559454964,
velocity_np,0.1,0.8,16,9,0.5625,-0.23750000000000004,0.3125,0.8125,whole-trajectory percentile; quadrant-stratified for aggregate,0.33178556398811904,0.7690134759450764,0.7047635264536529,0.6426855790514757,0.6118652961205686,0.8069160116733824,
velocity_np,0.1,0.9,16,13,0.8125,-0.08750000000000002,0.625,1.0,whole-trajectory percentile; quadrant-stratified for aggregate,0.5699111903802587,0.9340840092857186,0.9048439449038341,0.8251422397069594,0.7855721635842867,1.035997238510082,
velocity_np,0.1,0.95,16,14,0.875,-0.07499999999999996,0.6875,1.0,whole-trajectory percentile; quadrant-stratified for aggregate,0.6397717273424132,0.9650225122567596,1.0736769296970325,0.9791038460074544,0.9321504701479469,1.2293018486589153,
velocity_np,0.2,0.5,16,5,0.3125,-0.1875,0.125,0.5625,whole-trajectory percentile; quadrant-stratified for aggregate,0.14164643854782039,0.5559564416525933,0.771394714549902,0.7147759316068519,0.676219629072227,0.8749138637818744,
velocity_np,0.2,0.7,16,8,0.5,-0.19999999999999996,0.25,0.75,whole-trajectory percentile; quadrant-stratified for aggregate,0.27999563610326017,0.7200043638967398,1.0439138376288986,0.9672927124524784,0.9151151994561828,1.1840043390343709,
velocity_np,0.2,0.8,16,11,0.6875,-0.11250000000000004,0.4375,0.875,whole-trajectory percentile; quadrant-stratified for aggregate,0.44404355834740666,0.8583535614521796,1.2685529917269867,1.1754438154056848,1.1120382566072065,1.4387894789394693,
velocity_np,0.2,0.9,16,13,0.8125,-0.08750000000000002,0.625,1.0,whole-trajectory percentile; quadrant-stratified for aggregate,0.5699111903802587,0.9340840092857186,1.686873467061163,1.5630604296077575,1.4787461317432824,1.9132474658434206,
velocity_np,0.2,0.95,16,13,0.8125,-0.13749999999999996,0.625,1.0,whole-trajectory percentile; quadrant-stratified for aggregate,0.5699111903802587,0.9340840092857186,1.98745090850142,1.84157610604822,1.7422381704161254,2.2541616122536796,
velocity_np,0.3,0.5,16,5,0.3125,-0.1875,0.125,0.5625,whole-trajectory percentile; quadrant-stratified for aggregate,0.14164643854782039,0.5559564416525933,1.0104933806712493,0.9383539329559731,0.8902243318328638,1.1409218517746418,
velocity_np,0.3,0.7,16,7,0.4375,-0.26249999999999996,0.1875,0.6875,whole-trajectory percentile; quadrant-stratified for aggregate,0.23098652405492354,0.6682144360118809,1.3348871436584937,1.2395891207839873,1.1760087084848274,1.5071864308911291,
velocity_np,0.3,0.8,16,12,0.75,-0.050000000000000044,0.5,0.9375,whole-trajectory percentile; quadrant-stratified for aggregate,0.5050168346449122,0.8981793250878696,1.6390233846038464,1.522012977589403,1.4439466159077163,1.8505787675936698,
velocity_np,0.3,0.9,16,14,0.875,-0.025000000000000022,0.6875,1.0,whole-trajectory percentile; quadrant-stratified for aggregate,0.6397717273424132,0.9650225122567596,2.226862278173548,2.0678858633268637,1.961820850675919,2.5142924067183348,
velocity_np,0.3,0.95,16,14,0.875,-0.07499999999999996,0.6875,1.0,whole-trajectory percentile; quadrant-stratified for aggregate,0.6397717273424132,0.9650225122567596,3.1049479554491732,2.8832847214535313,2.735396660569339,3.5057161568359305,
velocity_np,0.4,0.5,16,6,0.375,-0.125,0.125,0.625,whole-trajectory percentile; quadrant-stratified for aggregate,0.18481232558863642,0.6135895945449727,1.228540732567629,1.1599622513853785,1.088145706441764,1.3847853692762826,
velocity_np,0.4,0.7,16,9,0.5625,-0.13749999999999996,0.3125,0.8125,whole-trajectory percentile; quadrant-stratified for aggregate,0.33178556398811904,0.7690134759450764,1.7135275643864118,1.617876590255546,1.5177092729841952,1.931452363044303,
velocity_np,0.4,0.8,16,12,0.75,-0.050000000000000044,0.5,0.9375,whole-trajectory percentile; quadrant-stratified for aggregate,0.5050168346449122,0.8981793250878696,2.0721401925339844,1.9564710710847661,1.8353404114968106,2.335673002647018,
velocity_np,0.4,0.9,16,13,0.8125,-0.08750000000000002,0.625,1.0,whole-trajectory percentile; quadrant-stratified for aggregate,0.5699111903802587,0.9340840092857186,2.752636914330065,2.5989817250255776,2.438071412952912,3.102714647423587,
velocity_np,0.4,0.95,16,15,0.9375,-0.012499999999999956,0.8125,1.0,whole-trajectory percentile; quadrant-stratified for aggregate,0.7167126242970108,0.9888806552353575,3.651799955467573,3.447952506304067,3.234480011111491,4.116232385137381,
velocity_np,0.5,0.5,16,6,0.375,-0.125,0.125,0.625,whole-trajectory percentile; quadrant-stratified for aggregate,0.18481232558863642,0.6135895945449727,1.4407541241667572,1.385361408701637,1.2796932607837583,1.617492824001359,
velocity_np,0.5,0.7,16,8,0.5,-0.19999999999999996,0.25,0.75,whole-trajectory percentile; quadrant-stratified for aggregate,0.27999563610326017,0.7200043638967398,1.9181545279529557,1.8444071853614643,1.7037254180916304,2.1534563963743447,
velocity_np,0.5,0.8,16,12,0.75,-0.050000000000000044,0.5,0.9375,whole-trajectory percentile; quadrant-stratified for aggregate,0.5050168346449122,0.8981793250878696,2.4692076921227564,2.374273992597069,2.193176746873696,2.7721077843780977,
velocity_np,0.5,0.9,16,13,0.8125,-0.08750000000000002,0.625,1.0,whole-trajectory percentile; quadrant-stratified for aggregate,0.5699111903802587,0.9340840092857186,3.6175717266272196,3.478486841866875,3.2131659950264346,4.061342744039562,
velocity_np,0.5,0.95,16,14,0.875,-0.07499999999999996,0.6875,1.0,whole-trajectory percentile; quadrant-stratified for aggregate,0.6397717273424132,0.9650225122567596,4.650902177175954,4.472088806709006,4.130981180524949,5.221432838906588,
velocity_np,0.6,0.5,16,6,0.375,-0.125,0.125,0.625,whole-trajectory percentile; quadrant-stratified for aggregate,0.18481232558863642,0.6135895945449727,1.7173000105126188,1.6595373592271216,1.526135761265571,1.9202711149354537,
velocity_np,0.6,0.7,16,9,0.5625,-0.13749999999999996,0.3125,0.8125,whole-trajectory percentile; quadrant-stratified for aggregate,0.33178556398811904,0.7690134759450764,2.3659020223940668,2.286323164501667,2.102537507670732,2.6455326888483217,
velocity_np,0.6,0.8,16,13,0.8125,0.012499999999999956,0.625,1.0,whole-trajectory percentile; quadrant-stratified for aggregate,0.5699111903802587,0.9340840092857186,3.0240085955243963,2.9222938381038324,2.6873857984934446,3.381422187011253,
velocity_np,0.6,0.9,16,14,0.875,-0.025000000000000022,0.6875,1.0,whole-trajectory percentile; quadrant-stratified for aggregate,0.6397717273424132,0.9650225122567596,4.195500599545827,4.054381845329248,3.7284711245455284,4.691375161406622,
velocity_np,0.6,0.95,16,14,0.875,-0.07499999999999996,0.6875,1.0,whole-trajectory percentile; quadrant-stratified for aggregate,0.6397717273424132,0.9650225122567596,5.45128036428798,5.267922532334172,4.84446157205888,6.095578034633748,
velocity_np,0.7,0.5,16,6,0.375,-0.125,0.125,0.625,whole-trajectory percentile; quadrant-stratified for aggregate,0.18481232558863642,0.6135895945449727,1.9129675355984728,1.8494978832306899,1.6992036681485687,2.139265579226361,
velocity_np,0.7,0.7,16,9,0.5625,-0.13749999999999996,0.3125,0.8125,whole-trajectory percentile; quadrant-stratified for aggregate,0.33178556398811904,0.7690134759450764,2.767423068474005,2.6756037475278824,2.4581783756193456,3.0948005145791875,
velocity_np,0.7,0.8,16,13,0.8125,0.012499999999999956,0.625,1.0,whole-trajectory percentile; quadrant-stratified for aggregate,0.5699111903802587,0.9340840092857186,3.3656259941272,3.253959116424334,2.9895353310572292,3.763768965129514,
velocity_np,0.7,0.9,16,13,0.8125,-0.08750000000000002,0.625,1.0,whole-trajectory percentile; quadrant-stratified for aggregate,0.5699111903802587,0.9340840092857186,4.242963443838795,4.102187706781966,3.7688350238184354,4.744892676121858,
velocity_np,0.7,0.95,16,15,0.9375,-0.012499999999999956,0.8125,1.0,whole-trajectory percentile; quadrant-stratified for aggregate,0.7167126242970108,0.9888806552353575,5.314054287859101,5.1377412182238515,4.720237207708744,5.942690198660734,
velocity_np,0.8,0.5,16,6,0.375,-0.125,0.125,0.625,whole-trajectory percentile; quadrant-stratified for aggregate,0.18481232558863642,0.6135895945449727,2.1503957151195046,2.083189222711977,1.909912536471903,2.4031019215309533,
velocity_np,0.8,0.7,16,9,0.5625,-0.13749999999999996,0.3125,0.8125,whole-trajectory percentile; quadrant-stratified for aggregate,0.33178556398811904,0.7690134759450764,2.971184835841354,2.8783261542008747,2.6389111205205564,3.3203470124275207,
velocity_np,0.8,0.8,16,13,0.8125,0.012499999999999956,0.625,1.0,whole-trajectory percentile; quadrant-stratified for aggregate,0.5699111903802587,0.9340840092857186,3.664217000346321,3.549698928029746,3.254440071708378,4.0948216426060355,
velocity_np,0.8,0.9,16,14,0.875,-0.025000000000000022,0.6875,1.0,whole-trajectory percentile; quadrant-stratified for aggregate,0.6397717273424132,0.9650225122567596,4.759229895448296,4.610489295945962,4.226995421055989,5.318516227662671,
velocity_np,0.8,0.95,16,15,0.9375,-0.012499999999999956,0.8125,1.0,whole-trajectory percentile; quadrant-stratified for aggregate,0.7167126242970108,0.9888806552353575,6.9449612039153115,6.727909765828919,6.168291898745583,7.761106245116994,
velocity_np,0.9,0.5,16,6,0.375,-0.125,0.125,0.625,whole-trajectory percentile; quadrant-stratified for aggregate,0.18481232558863642,0.6135895945449727,2.3102340150711536,2.2563074223700816,2.0519351378247084,2.581908572261029,
velocity_np,0.9,0.7,16,9,0.5625,-0.13749999999999996,0.3125,0.8125,whole-trajectory percentile; quadrant-stratified for aggregate,0.33178556398811904,0.7690134759450764,3.278023627151578,3.201506424196081,2.911519707220984,3.663506488002334,
velocity_np,0.9,0.8,16,13,0.8125,0.012499999999999956,0.625,1.0,whole-trajectory percentile; quadrant-stratified for aggregate,0.5699111903802587,0.9340840092857186,4.013155828891113,3.919478816770817,3.564459446595974,4.48508738458435,
velocity_np,0.9,0.9,16,14,0.875,-0.025000000000000022,0.6875,1.0,whole-trajectory percentile; quadrant-stratified for aggregate,0.6397717273424132,0.9650225122567596,5.224914925899553,5.102952450553497,4.640736158612862,5.839344650156217,
velocity_np,0.9,0.95,16,15,0.9375,-0.012499999999999956,0.8125,1.0,whole-trajectory percentile; quadrant-stratified for aggregate,0.7167126242970108,0.9888806552353575,8.059980243104063,7.871840310563432,7.158823116232572,9.007802649500848,
velocity_np,1.0,0.5,16,6,0.375,-0.125,0.125,0.625,whole-trajectory percentile; quadrant-stratified for aggregate,0.18481232558863642,0.6135895945449727,2.5286306464795896,2.4551676515322933,2.245810011556095,2.8258323741542246,
velocity_np,1.0,0.7,16,9,0.5625,-0.13749999999999996,0.3125,0.8125,whole-trajectory percentile; quadrant-stratified for aggregate,0.33178556398811904,0.7690134759450764,3.5005443640291283,3.398844863833051,3.1090177561431904,3.9119796340396316,
velocity_np,1.0,0.8,16,12,0.75,-0.050000000000000044,0.5,0.9375,whole-trajectory percentile; quadrant-stratified for aggregate,0.5050168346449122,0.8981793250878696,4.238100780586414,4.114973436280984,3.7640804426205055,4.736224488690285,
velocity_np,1.0,0.9,16,14,0.875,-0.025000000000000022,0.6875,1.0,whole-trajectory percentile; quadrant-stratified for aggregate,0.6397717273424132,0.9650225122567596,5.968221994773936,5.794830335989435,5.300692185200399,6.669694900855354,
velocity_np,1.0,0.95,16,15,0.9375,-0.012499999999999956,0.8125,1.0,whole-trajectory percentile; quadrant-stratified for aggregate,0.7167126242970108,0.9888806552353575,7.915122249846479,7.685168307519141,7.029836807579444,8.845423403431468,
velocity_nn,0.1,0.5,16,5,0.3125,-0.1875,0.125,0.5625,whole-trajectory percentile; quadrant-stratified for aggregate,0.14164643854782039,0.5559564416525933,0.5967272602429919,0.5957922441581738,0.5430233332576463,0.6438136531133516,
velocity_nn,0.1,0.7,16,7,0.4375,-0.26249999999999996,0.1875,0.6875,whole-trajectory percentile; quadrant-stratified for aggregate,0.23098652405492354,0.6682144360118809,0.8503958803984691,0.8490633891925001,0.773862426486943,0.9174986879750363,
velocity_nn,0.1,0.8,16,8,0.5,-0.30000000000000004,0.25,0.75,whole-trajectory percentile; quadrant-stratified for aggregate,0.27999563610326017,0.7200043638967398,0.9862801355892759,0.9847347264009356,0.8975174463043675,1.0641052611343655,
velocity_nn,0.1,0.9,16,12,0.75,-0.15000000000000002,0.5,0.9375,whole-trajectory percentile; quadrant-stratified for aggregate,0.5050168346449122,0.8981793250878696,1.2662823417630098,1.264298195174856,1.1523201701719525,1.3662018054804415,
velocity_nn,0.1,0.95,16,14,0.875,-0.07499999999999996,0.6875,1.0,whole-trajectory percentile; quadrant-stratified for aggregate,0.6397717273424132,0.9650225122567596,1.5025553792904827,1.5002010148403073,1.3673292387116263,1.6211186117962912,
velocity_nn,0.2,0.5,16,5,0.3125,-0.1875,0.125,0.5625,whole-trajectory percentile; quadrant-stratified for aggregate,0.14164643854782039,0.5559564416525933,1.0640562105119957,1.0806358818519965,0.979480922209398,1.1417888499812272,
velocity_nn,0.2,0.7,16,8,0.5,-0.19999999999999996,0.25,0.75,whole-trajectory percentile; quadrant-stratified for aggregate,0.27999563610326017,0.7200043638967398,1.4399670897622974,1.4624040445517332,1.3255129560804886,1.5451611965493741,
velocity_nn,0.2,0.8,16,13,0.8125,0.012499999999999956,0.625,1.0,whole-trajectory percentile; quadrant-stratified for aggregate,0.5699111903802587,0.9340840092857186,1.7498326910345356,1.7770978398403323,1.6107492451944458,1.8776634506879322,
velocity_nn,0.2,0.9,16,15,0.9375,0.03749999999999998,0.8125,1.0,whole-trajectory percentile; quadrant-stratified for aggregate,0.7167126242970108,0.9888806552353575,2.326860886027264,2.3631170427632617,2.1419130154809305,2.496845362939045,
velocity_nn,0.2,0.95,16,15,0.9375,-0.012499999999999956,0.8125,1.0,whole-trajectory percentile; quadrant-stratified for aggregate,0.7167126242970108,0.9888806552353575,2.74147520379703,2.784191704501298,2.5235721894215097,2.941748555453944,
velocity_nn,0.3,0.5,16,5,0.3125,-0.1875,0.125,0.5625,whole-trajectory percentile; quadrant-stratified for aggregate,0.14164643854782039,0.5559564416525933,1.3867247937723168,1.4107578075364164,1.279988698942471,1.4862405242135863,
velocity_nn,0.3,0.7,16,8,0.5,-0.19999999999999996,0.25,0.75,whole-trajectory percentile; quadrant-stratified for aggregate,0.27999563610326017,0.7200043638967398,1.831898292861139,1.863646507852664,1.6908972299367797,1.963361073022638,
velocity_nn,0.3,0.8,16,10,0.625,-0.17500000000000004,0.375,0.875,whole-trajectory percentile; quadrant-stratified for aggregate,0.3864104054550273,0.8151876744113637,2.2492718987361915,2.2882535212933814,2.0761456232417395,2.4106867208905176,
velocity_nn,0.3,0.9,16,14,0.875,-0.025000000000000022,0.6875,1.0,whole-trajectory percentile; quadrant-stratified for aggregate,0.6397717273424132,0.9650225122567596,3.0559775972092393,3.1089400537733267,2.820759249575682,3.2752841562065287,
velocity_nn,0.3,0.95,16,16,1.0,0.050000000000000044,1.0,1.0,whole-trajectory percentile; quadrant-stratified for aggregate,0.8063923194655636,1.0,4.2609960595029746,4.334842418496988,3.9330275386261624,4.5667785313915035,
velocity_nn,0.4,0.5,16,5,0.3125,-0.1875,0.125,0.5625,whole-trajectory percentile; quadrant-stratified for aggregate,0.14164643854782039,0.5559564416525933,1.6842583825891797,1.7089170716725008,1.5590756362034692,1.8079850553743135,
velocity_nn,0.4,0.7,16,8,0.5,-0.19999999999999996,0.25,0.75,whole-trajectory percentile; quadrant-stratified for aggregate,0.27999563610326017,0.7200043638967398,2.3491473156805274,2.3835404312898048,2.174546603769903,2.521717144785053,
velocity_nn,0.4,0.8,16,11,0.6875,-0.11250000000000004,0.4375,0.875,whole-trajectory percentile; quadrant-stratified for aggregate,0.44404355834740666,0.8583535614521796,2.84078451504106,2.8823755338735886,2.6296427976187284,3.0494703198908093,
velocity_nn,0.4,0.9,16,15,0.9375,0.03749999999999998,0.8125,1.0,whole-trajectory percentile; quadrant-stratified for aggregate,0.7167126242970108,0.9888806552353575,3.773706214441378,3.8289558419306333,3.4932249576104772,4.050925030038807,
velocity_nn,0.4,0.95,16,16,1.0,0.050000000000000044,1.0,1.0,whole-trajectory percentile; quadrant-stratified for aggregate,0.8063923194655636,1.0,5.006406807270003,5.079704010455249,4.634304901685459,5.374180578370449,
velocity_nn,0.5,0.5,16,5,0.3125,-0.1875,0.125,0.5625,whole-trajectory percentile; quadrant-stratified for aggregate,0.14164643854782039,0.5559564416525933,1.9770837933069072,2.0229346574119784,1.8307170835553719,2.1280459189164707,
velocity_nn,0.5,0.7,16,8,0.5,-0.19999999999999996,0.25,0.75,whole-trajectory percentile; quadrant-stratified for aggregate,0.27999563610326017,0.7200043638967398,2.6321994618389946,2.6932432174100995,2.437333479960335,2.8331835714315,
velocity_nn,0.5,0.8,16,13,0.8125,0.012499999999999956,0.625,1.0,whole-trajectory percentile; quadrant-stratified for aggregate,0.5699111903802587,0.9340840092857186,3.3883855881571754,3.466966176225381,3.1375379247515913,3.6471090132869937,
velocity_nn,0.5,0.9,16,14,0.875,-0.025000000000000022,0.6875,1.0,whole-trajectory percentile; quadrant-stratified for aggregate,0.6397717273424132,0.9650225122567596,4.964235265317304,5.07936163340864,4.596724902490591,5.343284201035284,
velocity_nn,0.5,0.95,16,16,1.0,0.050000000000000044,1.0,1.0,whole-trajectory percentile; quadrant-stratified for aggregate,0.8063923194655636,1.0,6.382229392588647,6.5302406875866765,5.909742631918645,6.869550627275157,
velocity_nn,0.6,0.5,16,4,0.25,-0.25,0.0625,0.5,whole-trajectory percentile; quadrant-stratified for aggregate,0.10182067491213048,0.49498316535508774,2.3610811330843084,2.419417965757232,2.185794753816365,2.547931236172773,
velocity_nn,0.6,0.7,16,11,0.6875,-0.012499999999999956,0.4375,0.9375,whole-trajectory percentile; quadrant-stratified for aggregate,0.44404355834740666,0.8583535614521796,3.2528309518458443,3.333200852012406,3.011341173315901,3.510251923181877,
velocity_nn,0.6,0.8,16,13,0.8125,0.012499999999999956,0.625,1.0,whole-trajectory percentile; quadrant-stratified for aggregate,0.5699111903802587,0.9340840092857186,4.1576484000871465,4.260374238530442,3.8489850830547403,4.486674379447311,
velocity_nn,0.6,0.9,16,14,0.875,-0.025000000000000022,0.6875,1.0,whole-trajectory percentile; quadrant-stratified for aggregate,0.6397717273424132,0.9650225122567596,5.76830911826211,5.91083064330525,5.340070543284549,6.224798790849282,
velocity_nn,0.6,0.95,16,15,0.9375,-0.012499999999999956,0.8125,1.0,whole-trajectory percentile; quadrant-stratified for aggregate,0.7167126242970108,0.9888806552353575,7.494855377908779,7.680035852210258,6.93843821632893,8.08797963796587,
velocity_nn,0.7,0.5,16,4,0.25,-0.25,0.0625,0.5,whole-trajectory percentile; quadrant-stratified for aggregate,0.10182067491213048,0.49498316535508774,2.63641132260219,2.676463766772213,2.4411434910099405,2.852482441796108,
velocity_nn,0.7,0.7,16,11,0.6875,-0.012499999999999956,0.4375,0.875,whole-trajectory percentile; quadrant-stratified for aggregate,0.44404355834740666,0.8583535614521796,3.8140038324658674,3.8719462992784113,3.531516706248,4.126586345530404,
velocity_nn,0.7,0.8,16,11,0.6875,-0.11250000000000004,0.4375,0.875,whole-trajectory percentile; quadrant-stratified for aggregate,0.44404355834740666,0.8583535614521796,4.638434428938295,4.708901671438982,4.294885216735841,5.018584411521088,
velocity_nn,0.7,0.9,16,12,0.75,-0.15000000000000002,0.5625,0.9375,whole-trajectory percentile; quadrant-stratified for aggregate,0.5050168346449122,0.8981793250878696,5.847562311727454,5.936398663253219,5.414458113257937,6.3268082178647544,
velocity_nn,0.7,0.95,16,16,1.0,0.050000000000000044,1.0,1.0,whole-trajectory percentile; quadrant-stratified for aggregate,0.8063923194655636,1.0,7.323717017001756,7.434979157482545,6.781280285356381,7.92394343802972,
velocity_nn,0.8,0.5,16,7,0.4375,-0.0625,0.1875,0.6875,whole-trajectory percentile; quadrant-stratified for aggregate,0.23098652405492354,0.6682144360118809,2.971580293112569,2.956816898158502,2.7447192220725523,3.232764201000102,
velocity_nn,0.8,0.7,16,10,0.625,-0.07499999999999996,0.375,0.8125,whole-trajectory percentile; quadrant-stratified for aggregate,0.3864104054550273,0.8151876744113637,4.105809104484013,4.085410637864754,3.792356948037837,4.4666848544796816,
velocity_nn,0.8,0.8,16,11,0.6875,-0.11250000000000004,0.4375,0.875,whole-trajectory percentile; quadrant-stratified for aggregate,0.44404355834740666,0.8583535614521796,5.0634936404307656,5.038337208806034,4.67692842018924,5.5085440601137305,
velocity_nn,0.8,0.9,16,11,0.6875,-0.21250000000000002,0.4375,0.875,whole-trajectory percentile; quadrant-stratified for aggregate,0.44404355834740666,0.8583535614521796,6.576665712394432,6.543991544505383,6.0745795224826065,7.154714791402796,
velocity_nn,0.8,0.95,16,15,0.9375,-0.012499999999999956,0.8125,1.0,whole-trajectory percentile; quadrant-stratified for aggregate,0.7167126242970108,0.9888806552353575,9.597075414949472,9.549395258002928,8.864400342183139,10.440600211158948,
velocity_nn,0.9,0.5,16,6,0.375,-0.125,0.125,0.625,whole-trajectory percentile; quadrant-stratified for aggregate,0.18481232558863642,0.6135895945449727,3.2016322894870557,3.1421136658696414,2.952056926012646,3.494348595385086,
velocity_nn,0.9,0.7,16,9,0.5625,-0.13749999999999996,0.3125,0.8125,whole-trajectory percentile; quadrant-stratified for aggregate,0.33178556398811904,0.7690134759450764,4.5428412108574765,4.458389396365681,4.188715207653052,4.958180505719656,
velocity_nn,0.9,0.8,16,9,0.5625,-0.23750000000000004,0.3125,0.8125,whole-trajectory percentile; quadrant-stratified for aggregate,0.33178556398811904,0.7690134759450764,5.561622416041368,5.45823137005227,5.128079831982368,6.070106033528913,
velocity_nn,0.9,0.9,16,11,0.6875,-0.21250000000000002,0.4375,0.875,whole-trajectory percentile; quadrant-stratified for aggregate,0.44404355834740666,0.8583535614521796,7.24093586513471,7.106326235599822,6.676486535219495,7.902954425056959,
velocity_nn,0.9,0.95,16,14,0.875,-0.07499999999999996,0.6875,1.0,whole-trajectory percentile; quadrant-stratified for aggregate,0.6397717273424132,0.9650225122567596,11.16990436059999,10.962254863915415,10.299181963801018,12.191137546061448,
velocity_nn,1.0,0.5,16,6,0.375,-0.125,0.125,0.625,whole-trajectory percentile; quadrant-stratified for aggregate,0.18481232558863642,0.6135895945449727,3.5148795378259914,3.4411723666135585,3.2355825007346173,3.846051810331815,
velocity_nn,1.0,0.7,16,9,0.5625,-0.13749999999999996,0.3125,0.8125,whole-trajectory percentile; quadrant-stratified for aggregate,0.33178556398811904,0.7690134759450764,4.865871484041351,4.7638339550983915,4.47922281692921,5.324334341658361,
velocity_nn,1.0,0.8,16,9,0.5625,-0.23750000000000004,0.3125,0.8125,whole-trajectory percentile; quadrant-stratified for aggregate,0.33178556398811904,0.7690134759450764,5.891099094945572,5.76756250003594,5.422984468335165,6.4461589921154285,
velocity_nn,1.0,0.9,16,14,0.875,-0.025000000000000022,0.6875,1.0,whole-trajectory percentile; quadrant-stratified for aggregate,0.6397717273424132,0.9650225122567596,8.296024330733845,8.122056352842312,7.636811122919318,9.07767650424533,
velocity_nn,1.0,0.95,16,14,0.875,-0.07499999999999996,0.6875,1.0,whole-trajectory percentile; quadrant-stratified for aggregate,0.6397717273424132,0.9650225122567596,11.002279543716337,10.771561280592781,10.128023671006787,12.038915331664432,
high_velocity,0.1,0.5,64,19,0.296875,-0.203125,0.1875,0.40625,whole-trajectory percentile; quadrant-stratified for aggregate,,,0.5922842077903254,0.5859190319367362,0.5604556437320694,0.6246463013709573,
high_velocity,0.1,0.7,64,33,0.515625,-0.18437499999999996,0.40625,0.640625,whole-trajectory percentile; quadrant-stratified for aggregate,,,0.8440640873769749,0.8349930767418987,0.7987052081075446,0.8901832994452027,
high_velocity,0.1,0.8,64,37,0.578125,-0.22187500000000004,0.453125,0.6878906249999979,whole-trajectory percentile; quadrant-stratified for aggregate,,,0.9789365891026249,0.9684161270386478,0.9263298413193819,1.03242516281327,
high_velocity,0.1,0.9,64,51,0.796875,-0.10312500000000002,0.703125,0.890625,whole-trajectory percentile; quadrant-stratified for aggregate,,,1.2568539827132703,1.2433467905291322,1.1893123245456338,1.325527814753303,
high_velocity,0.1,0.95,64,55,0.859375,-0.09062499999999996,0.765625,0.9375,whole-trajectory percentile; quadrant-stratified for aggregate,,,1.4913678019699739,1.4753403303658683,1.4112236836648206,1.572855344159482,
high_velocity,0.2,0.5,64,20,0.3125,-0.1875,0.203125,0.421875,whole-trajectory percentile; quadrant-stratified for aggregate,,,1.0816079654795914,1.0588478643626829,1.024563968896604,1.1415740425198846,
high_velocity,0.2,0.7,64,34,0.53125,-0.16874999999999996,0.421875,0.640625,whole-trajectory percentile; quadrant-stratified for aggregate,,,1.4637195468893025,1.4329187336951943,1.3865229881581704,1.5448705016857829,
high_velocity,0.2,0.8,64,45,0.703125,-0.09687500000000004,0.59375,0.8125,whole-trajectory percentile; quadrant-stratified for aggregate,,,1.7786964242883914,1.7412676037127799,1.6848879872320963,1.877310201381719,
high_velocity,0.2,0.9,64,58,0.90625,0.006249999999999978,0.828125,0.96875,whole-trajectory percentile; quadrant-stratified for aggregate,,,2.3652427794946975,2.315471359030475,2.2404998917409022,2.4963756254619387,
high_velocity,0.2,0.95,64,59,0.921875,-0.028124999999999956,0.859375,0.984375,whole-trajectory percentile; quadrant-stratified for aggregate,,,2.786696218017352,2.7280562211529995,2.639725878844673,2.9411951172774233,
high_velocity,0.3,0.5,64,20,0.3125,-0.1875,0.203125,0.421875,whole-trajectory percentile; quadrant-stratified for aggregate,,,1.4348786709429133,1.4107578075364164,1.3589878809691425,1.5157939208265907,
high_velocity,0.3,0.7,64,30,0.46875,-0.23124999999999996,0.359375,0.578125,whole-trajectory percentile; quadrant-stratified for aggregate,,,1.8955107744289443,1.863646507852664,1.7952571341816639,2.0024018524525182,
high_velocity,0.3,0.8,64,45,0.703125,-0.09687500000000004,0.59375,0.8125,whole-trajectory percentile; quadrant-stratified for aggregate,,,2.3273776362418843,2.2882535212933814,2.204282540497227,2.458622421479679,
high_velocity,0.3,0.9,64,57,0.890625,-0.009375000000000022,0.8125,0.953125,whole-trajectory percentile; quadrant-stratified for aggregate,,,3.1620961078993055,3.1089400537733267,2.9948527189904937,3.340412088133885,
high_velocity,0.3,0.95,64,62,0.96875,0.018750000000000044,0.921875,1.0,whole-trajectory percentile; quadrant-stratified for aggregate,,,4.408958713517071,4.334842418496988,4.175768711807257,4.657587397778308,
high_velocity,0.4,0.5,64,22,0.34375,-0.15625,0.234375,0.46875,whole-trajectory percentile; quadrant-stratified for aggregate,,,1.7687867617178514,1.720905509791197,1.6713276238604315,1.8701809584527398,
high_velocity,0.4,0.7,64,35,0.546875,-0.15312499999999996,0.421875,0.6566406249999979,whole-trajectory percentile; quadrant-stratified for aggregate,,,2.467044674530948,2.400261504206446,2.331111925462872,2.6084659122386578,
high_velocity,0.4,0.8,64,48,0.75,-0.050000000000000044,0.640625,0.859375,whole-trajectory percentile; quadrant-stratified for aggregate,,,2.983355817041118,2.902596047376253,2.818974619633034,3.154374151862584,
high_velocity,0.4,0.9,64,56,0.875,-0.025000000000000022,0.796875,0.953125,whole-trajectory percentile; quadrant-stratified for aggregate,,,3.9630983367618007,3.855816829471287,3.74473388746557,4.190279578240039,
high_velocity,0.4,0.95,64,63,0.984375,0.034375000000000044,0.953125,1.0,whole-trajectory percentile; quadrant-stratified for aggregate,,,5.257664842884901,5.11533927807595,4.967970520301222,5.559056008277745,
high_velocity,0.5,0.5,64,22,0.34375,-0.15625,0.234375,0.46875,whole-trajectory percentile; quadrant-stratified for aggregate,,,2.1035657387646447,2.0281340821536595,1.9841162785089392,2.2272513458856187,
high_velocity,0.5,0.7,64,31,0.484375,-0.21562499999999996,0.359375,0.609375,whole-trajectory percentile; quadrant-stratified for aggregate,,,2.80059177272297,2.7001654950865728,2.6415621928607367,2.9652611658985166,
high_velocity,0.5,0.8,64,49,0.765625,-0.034375000000000044,0.65625,0.859375,whole-trajectory percentile; quadrant-stratified for aggregate,,,3.605154145262308,3.475877106516278,3.400438072522361,3.8171302537357845,
high_velocity,0.5,0.9,64,58,0.90625,0.006249999999999978,0.828125,0.96875,whole-trajectory percentile; quadrant-stratified for aggregate,,,5.281817219199505,5.092416804741992,4.9818930455089845,5.5923778817069465,
high_velocity,0.5,0.95,64,62,0.96875,0.018750000000000044,0.921875,1.0,whole-trajectory percentile; quadrant-stratified for aggregate,,,6.790526093348086,6.547024964268953,6.404930976563638,7.189795926968695,
high_velocity,0.6,0.5,64,20,0.3125,-0.1875,0.203125,0.421875,whole-trajectory percentile; quadrant-stratified for aggregate,,,2.5422492866522775,2.433297909607862,2.392062372197024,2.6941109892831654,
high_velocity,0.6,0.7,64,39,0.609375,-0.09062499999999996,0.484375,0.734375,whole-trajectory percentile; quadrant-stratified for aggregate,,,3.5024239747864963,3.352323071208759,3.2955134044309156,3.7116418791591714,
high_velocity,0.6,0.8,64,51,0.796875,-0.0031250000000000444,0.6875,0.890625,whole-trajectory percentile; quadrant-stratified for aggregate,,,4.476668984883677,4.28481555295003,4.2122035347772595,4.744083584124081,
high_velocity,0.6,0.9,64,58,0.90625,0.006249999999999978,0.828125,0.96875,whole-trajectory percentile; quadrant-stratified for aggregate,,,6.21091733596435,5.944740450788215,5.8439987511022515,6.5819275616300175,
high_velocity,0.6,0.95,64,61,0.953125,0.0031250000000000444,0.890625,1.0,whole-trajectory percentile; quadrant-stratified for aggregate,,,8.06994324382254,7.7240954020310095,7.593200116395121,8.552002704936724,
high_velocity,0.7,0.5,64,19,0.296875,-0.203125,0.1875,0.40625,whole-trajectory percentile; quadrant-stratified for aggregate,,,2.8707671116260576,2.7264525140453157,2.6968595258278336,3.0469701713092916,
high_velocity,0.7,0.7,64,39,0.609375,-0.09062499999999996,0.484375,0.71875,whole-trajectory percentile; quadrant-stratified for aggregate,,,4.153038136345037,3.9442632674408755,3.9014521288647477,4.4079449254194945,
high_velocity,0.7,0.8,64,48,0.75,-0.050000000000000044,0.640625,0.84375,whole-trajectory percentile; quadrant-stratified for aggregate,,,5.050753990423251,4.796850590647157,4.744785446552853,5.360761132143567,
high_velocity,0.7,0.9,64,52,0.8125,-0.08750000000000002,0.71875,0.90625,whole-trajectory percentile; quadrant-stratified for aggregate,,,6.36736362940595,6.047273742592564,5.981636472296993,6.758182149331649,
high_velocity,0.7,0.95,64,63,0.984375,0.034375000000000044,0.953125,1.0,whole-trajectory percentile; quadrant-stratified for aggregate,,,7.974736630440868,7.573843467434482,7.491636768679148,8.464213115231628,
high_velocity,0.8,0.5,64,23,0.359375,-0.140625,0.25,0.46875,whole-trajectory percentile; quadrant-stratified for aggregate,,,3.2709165358794916,3.084427443824744,3.0719511317474075,3.4761251358953302,
high_velocity,0.8,0.7,64,37,0.578125,-0.12187499999999996,0.453125,0.6875,whole-trajectory percentile; quadrant-stratified for aggregate,,,4.519399635321442,4.26172912450939,4.2444907023014355,4.802934742959716,
high_velocity,0.8,0.8,64,47,0.734375,-0.06562500000000004,0.625,0.828125,whole-trajectory percentile; quadrant-stratified for aggregate,,,5.573554622162864,5.255782178383519,5.234522875040431,5.923224608718578,
high_velocity,0.8,0.9,64,53,0.828125,-0.07187500000000002,0.734375,0.90625,whole-trajectory percentile; quadrant-stratified for aggregate,,,7.2391530794176395,6.826417667120447,6.798805243506544,7.693318281260127,
high_velocity,0.8,0.95,64,62,0.96875,0.018750000000000044,0.921875,1.0,whole-trajectory percentile; quadrant-stratified for aggregate,,,10.563817758382076,9.96152884003681,9.921235091897422,11.226563575721357,
high_velocity,0.9,0.5,64,22,0.34375,-0.15625,0.234375,0.46875,whole-trajectory percentile; quadrant-stratified for aggregate,,,3.5614682548417917,3.3524801680178093,3.3412372255956355,3.789326697818488,
high_velocity,0.9,0.7,64,34,0.53125,-0.16874999999999996,0.421875,0.65625,whole-trajectory percentile; quadrant-stratified for aggregate,,,5.0534175371676024,4.756881393238858,4.7409286236673935,5.376729095585886,
high_velocity,0.9,0.8,64,45,0.703125,-0.09687500000000004,0.59375,0.8125,whole-trajectory percentile; quadrant-stratified for aggregate,,,6.186700997859212,5.823663421001166,5.804133070560004,6.582518665086235,
high_velocity,0.9,0.9,64,53,0.828125,-0.07187500000000002,0.734375,0.90625,whole-trajectory percentile; quadrant-stratified for aggregate,,,8.054754852298885,7.5820992827512335,7.556671807746786,8.570088351820797,
high_velocity,0.9,0.95,64,61,0.953125,0.0031250000000000444,0.890625,1.0,whole-trajectory percentile; quadrant-stratified for aggregate,,,12.425305654407069,11.696184777536274,11.656960225735064,13.220261722335996,
high_velocity,1.0,0.5,64,22,0.34375,-0.15625,0.234375,0.453125,whole-trajectory percentile; quadrant-stratified for aggregate,,,3.9503850001238883,3.6943008249091314,3.700954460329968,4.21168150752141,
high_velocity,1.0,0.7,64,35,0.546875,-0.15312499999999996,0.4375,0.65625,whole-trajectory percentile; quadrant-stratified for aggregate,,,5.468769417621825,5.114255792821345,5.1234668438718955,5.83049880565417,
high_velocity,1.0,0.8,64,42,0.65625,-0.14375000000000004,0.546875,0.765625,whole-trajectory percentile; quadrant-stratified for aggregate,,,6.621026196906472,6.191817390003621,6.202969187720717,7.058971111284413,
high_velocity,1.0,0.9,64,56,0.875,-0.025000000000000022,0.796875,0.953125,whole-trajectory percentile; quadrant-stratified for aggregate,,,9.323929803029353,8.71950494993423,8.735209249539682,9.940657107500899,
high_velocity,1.0,0.95,64,61,0.953125,0.0031250000000000444,0.890625,1.0,whole-trajectory percentile; quadrant-stratified for aggregate,,,12.365499189639262,11.5639042410461,11.584731457482457,13.183409785790852,
