dataset,time,target_time,lag,n_trajectories,uncertainty_future_pearson,uncertainty_future_pearson_ci95_low,uncertainty_future_pearson_ci95_high,uncertainty_future_pearson_invalid_bootstraps,uncertainty_future_spearman,uncertainty_future_spearman_ci95_low,uncertainty_future_spearman_ci95_high,uncertainty_future_spearman_invalid_bootstraps,uncertainty_future_status,current_error_future_pearson,current_error_future_pearson_ci95_low,current_error_future_pearson_ci95_high,current_error_future_pearson_invalid_bootstraps,current_error_future_spearman,current_error_future_spearman_ci95_low,current_error_future_spearman_ci95_high,current_error_future_spearman_invalid_bootstraps,current_error_future_status,partial_controlling_current_pearson,partial_controlling_current_pearson_ci95_low,partial_controlling_current_pearson_ci95_high,partial_controlling_current_pearson_invalid_bootstraps,partial_controlling_current_spearman,partial_controlling_current_spearman_ci95_low,partial_controlling_current_spearman_ci95_high,partial_controlling_current_spearman_invalid_bootstraps,partial_controlling_current_status,uncertainty_delta_error_pearson,uncertainty_delta_error_pearson_ci95_low,uncertainty_delta_error_pearson_ci95_high,uncertainty_delta_error_pearson_invalid_bootstraps,uncertainty_delta_error_spearman,uncertainty_delta_error_spearman_ci95_low,uncertainty_delta_error_spearman_ci95_high,uncertainty_delta_error_spearman_invalid_bootstraps,uncertainty_delta_error_status,width_future_pearson,width_future_pearson_ci95_low,width_future_pearson_ci95_high,width_future_pearson_invalid_bootstraps,width_future_spearman,width_future_spearman_ci95_low,width_future_spearman_ci95_high,width_future_spearman_invalid_bootstraps,width_future_status,noncoverage_future_pearson,noncoverage_future_pearson_ci95_low,noncoverage_future_pearson_ci95_high,noncoverage_future_pearson_invalid_bootstraps,noncoverage_future_spearman,noncoverage_future_spearman_ci95_low,noncoverage_future_spearman_ci95_high,noncoverage_future_spearman_invalid_bootstraps,noncoverage_future_status,mean_delta_error,source_noncoverage_count,future_error_mean_given_noncoverage,future_error_mean_given_coverage
audit,0.1,0.2,1,256,0.7998784838667811,0.7482071706321267,0.8492193347942745,0,0.8460352769512475,0.7998037031139322,0.8804158177431101,0,ok,0.9970266509832403,0.9960138593620288,0.9979023541656143,0,0.996878576333257,0.9948448266428457,0.997630987544516,0,ok,0.14923563607929224,-0.03843818985361812,0.30177648112024247,0,0.05434645329453577,-0.10815863347489912,0.2189201147992543,0,ok,0.7992944678160809,0.7483377864613243,0.8452356545092059,0,0.8436419947356374,0.7964829379605589,0.8794530295820255,0,ok,0.7998784838667813,0.7482071706321266,0.8492193347942746,0,0.8460352769512475,0.7998037031139322,0.8804158177431101,0,ok,0.01883560601620989,-0.07028033703074495,0.11652907645166113,0,0.04261595450197441,-0.05721654807008754,0.14361483239711811,0,ok,0.015552454350473435,24,0.034898199777843926,0.03375073301906022
audit,0.2,0.3,1,256,0.7798372311261073,0.7177640083383673,0.8362809797556742,0,0.834580281528954,0.7855088927016295,0.8731949436110332,0,ok,0.9984878320925977,0.9980236168509918,0.9989438395113992,0,0.9979221503776607,0.9962444972550613,0.9984185263735822,0,ok,0.1545760929886926,-0.03637960541545052,0.31149792096463896,0,0.15314028688314713,-0.005168149465005851,0.28613743721066265,0,ok,0.7804422267955275,0.7180608354356187,0.833768351773139,0,0.8315339608606088,0.7823774827417596,0.8708539797407406,0,ok,0.7798372311261073,0.7177640083383671,0.8362809797556738,0,0.834580281528954,0.7855088927016295,0.8731949436110332,0,ok,0.051474890326331825,-0.06815896454469,0.17923165460609305,0,0.04238216140815046,-0.07750502491027945,0.16423275698881187,0,ok,0.014124307563829645,18,0.052719041811054884,0.04762439848248582
audit,0.3,0.4,1,256,0.7663912793219236,0.6948561868958818,0.8290392607276751,0,0.8244234950789654,0.7730993160451055,0.865291339375105,0,ok,0.9990282375496695,0.9987295614412881,0.9993187868027872,0,0.998671749828336,0.9975505345086765,0.9989041747223402,0,ok,0.12810794868853675,-0.0686743366390336,0.2953559921310139,0,0.10617623195834844,-0.046777741827855074,0.24301087843972977,0,ok,0.7646205235217809,0.6913050967158956,0.8249971514400276,0,0.8173073071641108,0.7654477571132499,0.8597721050465206,0,ok,0.7663912793219236,0.6948561868958819,0.8290392607276751,0,0.8244234950789654,0.7730993160451055,0.865291339375105,0,ok,0.06809480510075006,-0.03571800168123922,0.18295956250602124,0,0.08075236831972403,-0.021286201741326425,0.17821869771786683,0,ok,0.013123778482257096,25,0.06779657303649367,0.060382348731498225
audit,0.4,0.5,1,256,0.7570563800018282,0.6795196081370442,0.8244164892555558,0,0.8177243076218814,0.7643673939535626,0.860531094789116,0,ok,0.999289720611782,0.999056151639767,0.9995037373092976,0,0.9989564259555962,0.9979913988752184,0.9991939056947622,0,ok,0.10518738499085577,-0.08983082088032658,0.2811265866021161,0,0.09087297239887705,-0.06387690110537987,0.23177935977655062,0,ok,0.7517897136402866,0.6732437370476445,0.8166919119743082,0,0.805742875944152,0.7517633912556173,0.8501558730954789,0,ok,0.7570563800018282,0.679519608137044,0.8244164892555559,0,0.8177243076218814,0.7643673939535626,0.860531094789116,0,ok,0.11553993178232946,0.00902589101472318,0.23003266020152852,0,0.14217688349735477,0.03314399018127809,0.24344330839607423,0,ok,0.012349427298253403,31,0.08555900813637654,0.07178827119561614
audit,0.5,0.6,1,256,0.7507117847427763,0.6701072163835224,0.8206416162947172,0,0.8110265506981003,0.757859240916742,0.8551955165531081,0,ok,0.9994328317109298,0.9992365612000808,0.9996042316222988,0,0.9992260814831769,0.9984411861038418,0.9994170199366368,0,ok,0.09028926098307123,-0.09985095018916584,0.2648256802714237,0,0.05183686335487902,-0.08823588870276032,0.18401908450924917,0,ok,0.7415862004807658,0.6595706462721517,0.8089339409725166,0,0.7946884298466468,0.7378021852273108,0.8403757802110815,0,ok,0.7507117847427762,0.6701072163835224,0.820641616294717,0,0.8110265506981003,0.757859240916742,0.8551955165531081,0,ok,0.1344829655130044,0.026087400394203035,0.25304786656770883,0,0.14352229117766857,0.037335513870205776,0.24327522186352035,0,ok,0.011716493397794505,22,0.10492874717891092,0.08331487240658401
audit,0.6,0.7,1,256,0.7465511904746381,0.6634624029834414,0.8181760108854305,0,0.8061548695353628,0.7504437623271653,0.8520357083289449,0,ok,0.9995172158099896,0.9993484890186872,0.9996612294905755,0,0.9992725738155184,0.9985063636071569,0.9994149087427013,0,ok,0.08168635484285931,-0.10378137005766996,0.2515542172699458,0,0.050029975730018106,-0.09576219435460583,0.18792802738776365,0,ok,0.7332362583555462,0.6489894982421142,0.8030092189678651,0,0.7844958800640879,0.7262828832612138,0.8321072390024369,0,ok,0.7465511904746382,0.6634624029834413,0.8181760108854306,0,0.8061548695353628,0.7504437623271653,0.8520357083289449,0,ok,0.14437517510934925,0.02843782272252571,0.26863811866978515,0,0.14653990557856228,0.03774686827127065,0.25232647396217195,0,ok,0.011182996175759958,20,0.12157606593592374,0.09421795882776597
audit,0.7,0.8,1,256,0.7440057080139355,0.6595644386526152,0.8172679821470841,0,0.8026193064774548,0.7461263949029415,0.8490653790220097,0,ok,0.9995691562172658,0.9994179699240676,0.9996987557019745,0,0.9993755722133211,0.9987253030140957,0.9994764492188785,0,ok,0.07674173069348057,-0.10399747575656407,0.24049062060021803,0,0.024355209307255845,-0.10837733319340445,0.16114725506661998,0,ok,0.7259252723071311,0.6409380964838199,0.7971994907965911,0,0.7769226367589838,0.7167565213293821,0.8267502642431874,0,ok,0.7440057080139356,0.6595644386526153,0.8172679821470841,0,0.8026193064774548,0.7461263949029415,0.8490653790220097,0,ok,0.14689360920632918,0.02874900982673935,0.26412262387352536,0,0.15503762292007459,0.04690412992239495,0.253811798435395,0,ok,0.010725764086844093,26,0.13170113045134707,0.10429793833290568
audit,0.8,0.9,1,256,0.7426806156416764,0.6576228151916399,0.8167550020433615,0,0.7992561226825361,0.7414622974939564,0.8472388571348931,0,ok,0.9996013909960214,0.9994600683275179,0.9997197434464933,0,0.9993734264133669,0.9987317109182715,0.9994749733712004,0,ok,0.07361302487574362,-0.10055792597500779,0.23300982821396887,0,0.0762463811791134,-0.08506989224041744,0.23284687440704752,0,ok,0.718986444598313,0.6351820599566854,0.7904485702180578,0,0.7660105287251088,0.7057877057448546,0.8165666289732906,0,ok,0.7426806156416765,0.6576228151916397,0.8167550020433614,0,0.7992561226825361,0.7414622974939564,0.8472388571348931,0,ok,0.16645488848414833,0.05304081233137725,0.27861116611087705,0,0.18776001060185105,0.08928959324243632,0.28111932798020633,0,ok,0.010331336494820133,26,0.1478980588961333,0.1139662079116427
audit,0.9,1.0,1,256,0.7422831441279762,0.655714857342762,0.8160156705988422,0,0.7968077649347677,0.7387818640160414,0.8455117700201933,0,ok,0.999620826669562,0.9994858041184751,0.9997344345234273,0,0.999345531013962,0.9986822781116832,0.9995035894358449,0,ok,0.07121526942472489,-0.09486867825946864,0.2264986066476106,0,0.01552572140620514,-0.13250236634846102,0.15964079236059325,0,ok,0.711917278945779,0.630023718050592,0.7828193805987502,0,0.7566398203250172,0.6951165535506351,0.8085737751128971,0,ok,0.7422831441279761,0.655714857342762,0.8160156705988421,0,0.7968077649347677,0.7387818640160414,0.8455117700201933,0,ok,0.19044294742138465,0.07340296843939016,0.3135524964002656,0,0.19576365077847563,0.09331526808438526,0.29129046594014946,0,ok,0.009991395132579387,22,0.16874841533486917,0.12351670669893373
audit,0.1,0.3,2,256,0.8006224791205862,0.7493961546576932,0.84799945412438,0,0.8464365415426871,0.8000896351686346,0.8808059744652068,0,ok,0.9913860186228917,0.98866509358602,0.9939528142415349,0,0.9907651922636759,0.985685404137972,0.9931652902722684,0,ok,0.15366747484425786,-0.03562847756206181,0.3041339958413594,0,0.10885891411974959,-0.04953941717297844,0.26323912069711364,0,ok,0.7972268107717105,0.7453959085719605,0.8426089372995512,0,0.8412701705195696,0.7927893523578197,0.8778044819838432,0,ok,0.8006224791205862,0.7493961546576935,0.8479994541243798,0,0.8464365415426871,0.8000896351686346,0.8808059744652068,0,ok,0.017496293732705774,-0.07243563892844673,0.11703334749768256,0,0.04025847616782263,-0.06089870032974249,0.14046878307234348,0,ok,0.02967676191430308,24,0.049359151526747504,0.04784021532236498
audit,0.2,0.4,2,256,0.7811547808463118,0.7185999664285845,0.8371419606505315,0,0.835269798580911,0.7866718905921116,0.8737841090662063,0,ok,0.9951263794665168,0.9936334132404928,0.9965950070259519,0,0.9941684309910734,0.9907301435412345,0.9955301934136349,0,ok,0.14923711229446276,-0.045209176753672926,0.3089881914038526,0,0.1549491931252311,0.0023105087256809773,0.2930744182751465,0,ok,0.7776819500281482,0.7136087056011429,0.8317400652982399,0,0.828558451590753,0.7791800390804571,0.8679812076443573,0,ok,0.7811547808463116,0.7185999664285843,0.8371419606505316,0,0.835269798580911,0.7866718905921116,0.8737841090662063,0,ok,0.05230619059737638,-0.0698976461787197,0.1804031674910085,0,0.04258890365892193,-0.07550310476622224,0.16292459117252261,0,ok,0.027248086046086743,18,0.06725381691571947,0.06064146293447681
audit,0.3,0.5,2,256,0.7675028621707133,0.6965573463872554,0.8294355765954818,0,0.8250600823987182,0.7743780746334579,0.8664164468449124,0,ok,0.9966729460887099,0.9956252715275815,0.9976736305726775,0,0.9959151121538109,0.9933167920265896,0.9968869473171377,0,ok,0.12455594242868546,-0.070579985269999,0.29561963603523894,0,0.11711217749040553,-0.03761294751249063,0.25268800501522903,0,ok,0.7615828143021792,0.6881990952836982,0.8220252321592765,0,0.8137488555733577,0.7604379376405876,0.8566621523399887,0,ok,0.7675028621707134,0.6965573463872554,0.8294355765954821,0,0.8250600823987182,0.7743780746334579,0.8664164468449124,0,ok,0.06243037412302664,-0.04307768395804818,0.17734909503256566,0,0.07131493607949167,-0.0314659437911669,0.1706864525221371,0,ok,0.025473205780510495,25,0.08083467914007951,0.07265724369151216
audit,0.4,0.6,2,256,0.7579896098485566,0.6808482648006791,0.8245407100738007,0,0.817813000686656,0.766043876851766,0.8603637289447584,0,ok,0.9974629928231452,0.996623594154416,0.9982250520571877,0,0.99692578393225,0.9945140118853624,0.9977655064917421,0,ok,0.10521981358523032,-0.08924177724526387,0.28034703295490043,0,0.09154090614473649,-0.05796531366925563,0.2250064456195019,0,ok,0.7487088838892478,0.6693865339921764,0.8132010363388636,0,0.8033796349279011,0.7491728019212069,0.8481448788700783,0,ok,0.7579896098485565,0.6808482648006788,0.8245407100738008,0,0.817813000686656,0.766043876851766,0.8603637289447584,0,ok,0.11077721613287052,0.002647901981592997,0.22432836495137864,0,0.13375158669751153,0.025799000371056778,0.23599984815892705,0,ok,0.02406592069604791,31,0.09861560319714663,0.08332012836428955
audit,0.5,0.7,2,256,0.7515486994583257,0.6712034254161587,0.8210853065475017,0,0.8111831940947585,0.7578566455795501,0.8557781530070304,0,ok,0.9979101275002115,0.9971836150402844,0.9985405126825903,0,0.9975401979858091,0.9956931032502073,0.9981416891725892,0,ok,0.09325508838243074,-0.09462196476363326,0.26555133398829833,0,0.06617794089730568,-0.0745005537637396,0.19764792749363613,0,ok,0.738434223900301,0.6552928526589726,0.8059462670257188,0,0.7905699244678416,0.733361570818536,0.8375394718912208,0,ok,0.7515486994583256,0.6712034254161587,0.8210853065475014,0,0.8111831940947585,0.7578566455795501,0.8557781530070304,0,ok,0.1321065722318125,0.022968559024724226,0.25172980522817484,0,0.13880736702597116,0.03182787477462175,0.23921752146549158,0,ok,0.022899489573554463,22,0.11826547189706428,0.09429538128348645
audit,0.6,0.8,2,256,0.7473401713023321,0.6655679012613406,0.8188295924792007,0,0.8057707713435569,0.7500231876539746,0.8513107447646034,0,ok,0.9981791657862246,0.9975479467568407,0.9987266972704505,0,0.9977705138475623,0.996132308275636,0.9982618389932045,0,ok,0.08648297944414586,-0.09883736415144564,0.25385564581184805,0,0.049478408345385444,-0.0855308567564032,0.18654830396718058,0,ok,0.729867130436525,0.6453324706139488,0.7993751579004023,0,0.7805747882810712,0.722788874780887,0.8291275040958321,0,ok,0.7473401713023322,0.6655679012613406,0.8188295924792007,0,0.8057707713435569,0.7500231876539746,0.8513107447646034,0,ok,0.144846910782506,0.027753603866136754,0.2709471347728043,0,0.1416158496115407,0.03121083960795681,0.2476482462763893,0,ok,0.02190876026260405,20,0.13511985557044565,0.10470490719023058
audit,0.7,0.9,2,256,0.7447664995231921,0.660898512142653,0.8176508911062619,0,0.8033524547951476,0.7468284242346953,0.849979876056762,0,ok,0.9983456820534481,0.9977626969550975,0.998841608133388,0,0.9978212977798123,0.9961079865718026,0.9983341248062487,0,ok,0.08254895591091589,-0.09452676778667345,0.24418360574339038,0,0.0633715307711186,-0.0757335717471909,0.2068415095562894,0,ok,0.7221758923700121,0.6382931044787935,0.7935939381850338,0,0.7723163195239185,0.7117490030015579,0.8222195153455152,0,ok,0.7447664995231922,0.6608985121426533,0.817650891106262,0,0.8033524547951476,0.7468284242346953,0.849979876056762,0,ok,0.14580547290014698,0.026564518428738516,0.26337024502387213,0,0.15311277658585246,0.043995167571268874,0.253429346252702,0,ok,0.021057100581664226,26,0.14411618857919614,0.11439372368660082
audit,0.8,1.0,2,256,0.7434177474677272,0.6588662235046658,0.8163674763395493,0,0.7988276779583429,0.7421111507854645,0.8464379370926145,0,ok,0.9984479607715712,0.997896754241785,0.9989108096818372,0,0.9978055619134814,0.9961390812466149,0.9983606781055654,0,ok,0.07993989458876014,-0.0908952187846647,0.23805189169006147,0,0.06138675123069341,-0.08803100708899107,0.20787432086173072,0,ok,0.7147205530052488,0.6315823426819871,0.785699421998928,0,0.7611803330281529,0.7000839106696559,0.8117956045279588,0,ok,0.7434177474677272,0.6588662235046656,0.8163674763395493,0,0.7988276779583429,0.7421111507854645,0.8464379370926145,0,ok,0.1641587301180806,0.04794982916777397,0.27707791450345903,0,0.18233544365995227,0.08269446277875966,0.2761936187694285,0,ok,0.020322731627399518,26,0.1599049493989183,0.12372976443715537
fresh_id,0.1,0.2,1,64,0.7935834307517634,0.7161042577189276,0.8707840508384881,0,0.8524725274725273,0.7515634622644604,0.9091118994859422,0,ok,0.995902519754658,0.9941667363344815,0.9986435738858616,0,0.9974816849816848,0.9914318049497074,0.9989460183839465,0,ok,0.3704848208918565,-0.0029785890084358677,0.576911661116714,0,0.22472039700735336,-0.16889191988374394,0.5008618021892289,0,ok,0.8067210168462767,0.7265375115221991,0.8776692654098014,0,0.8540750915750914,0.7531482845558908,0.91097782782339,0,ok,0.7935834307517635,0.7161042577189277,0.8707840508384882,0,0.8524725274725273,0.7515634622644604,0.9091118994859422,0,ok,0.05216659677991849,-0.08949983883860091,0.19863972680149222,86,0.10204184573688746,-0.07782962032494936,0.2616431310289142,86,ok,0.017659870347040585,3,0.04351830403224146,0.0383585804299335
fresh_id,0.2,0.3,1,64,0.7551630648975416,0.6531648063441136,0.8528292489872114,0,0.8327838827838826,0.706064102165647,0.9037407616913704,0,ok,0.9975771259821583,0.9963190577368892,0.9991990711511395,0,0.9970238095238093,0.9904645672900625,0.9984874925943189,0,ok,0.3950903128381139,0.07687624073362838,0.5913379643139379,0,0.13598261342342588,-0.18107100330807815,0.40119666867599507,0,ok,0.7809964014254359,0.6797344433137126,0.869662987037127,0,0.8380036630036629,0.7195567659728971,0.9043103540196672,0,ok,0.7551630648975415,0.6531648063441136,0.8528292489872116,0,0.8327838827838826,0.706064102165647,0.9037407616913704,0,ok,0.1701978978850304,0.04737838532918122,0.33866091324132375,262,0.19445218104942028,0.08528343084934445,0.33575417005699887,262,ok,0.015930185943766557,2,0.08206826919811917,0.05364231742463693
fresh_id,0.3,0.4,1,64,0.7345144513644796,0.6150698719729382,0.8446513430267029,0,0.8258241758241757,0.6954442530757321,0.9023745657904227,0,ok,0.9982352767472288,0.9971260178331284,0.9993903947350843,0,0.9979395604395602,0.9928049187766719,0.9990833288450417,0,ok,0.3941427754144078,0.0990829628793579,0.5799097286280545,0,0.25297464334930736,-0.026976163495606203,0.4528194664781082,0,ok,0.7678021505632042,0.6541956110116542,0.8655551305951008,0,0.8193223443223442,0.6877868872001864,0.8983206050428708,0,ok,0.7345144513644798,0.6150698719729382,0.8446513430267028,0,0.8258241758241757,0.6954442530757321,0.9023745657904227,0,ok,0.16258499415734595,-0.06383713813502058,0.37264637210828894,22,0.1782084222427261,-0.046044415080249514,0.3656113005127314,22,ok,0.01466639204611995,4,0.09207474941042443,0.06767183853389509
fresh_id,0.4,0.5,1,64,0.7243223103682878,0.5942756705986091,0.8448555294725683,0,0.8229853479853478,0.6935142210580131,0.8978806556548556,0,ok,0.9985717763820409,0.9975916968637113,0.9994771490184947,0,0.9983974358974357,0.9936302558225742,0.9994501356044031,0,ok,0.38553942712318423,0.10749386757256874,0.5719313021728404,0,0.23354573240911172,-0.0751111954132409,0.45695904795878184,0,ok,0.760554361657932,0.6388113961079588,0.8596171678290423,0,0.8113553113553112,0.6821488904431484,0.8894046883160174,0,ok,0.7243223103682879,0.5942756705986091,0.8448555294725684,0,0.8229853479853478,0.6935142210580131,0.8978806556548556,0,ok,0.1492309363524024,-0.17499293722446235,0.4063335273050901,93,0.12605169179262568,-0.20946805492706944,0.3915046760812117,93,ok,0.013658610893583601,3,0.11173057753028921,0.08143555203727683
fresh_id,0.5,0.6,1,64,0.7207914624392744,0.5829598922820376,0.8454738819418578,0,0.803617216117216,0.6630440320613152,0.8848822939617712,0,ok,0.9987668867123904,0.997897406588012,0.9995032270411166,0,0.9988553113553111,0.9952784321011008,0.9996332884684647,0,ok,0.3722835371288366,0.0999932186304829,0.5618322152177528,0,-0.09865227903322728,-0.28478517271822695,0.17214686023001843,1,ok,0.7553570128003404,0.6313867705682095,0.8554552080123189,0,0.8001373626373625,0.6700024220000242,0.8807032530077267,0,ok,0.7207914624392745,0.5829598922820377,0.8454738819418578,0,0.803617216117216,0.6630440320613152,0.8848822939617712,0,ok,0.205383472633614,0.16959170791350345,0.3841481819240051,717,0.19437403723927463,0.17398941056789882,0.3543671840812219,717,ok,0.012822612730683221,1,0.17544524209596507,0.09441210126242086
fresh_id,0.6,0.7,1,64,0.721503981630805,0.5760155831980477,0.8469926828344014,0,0.796153846153846,0.6538056470223055,0.8818313229478468,0,ok,0.998891310739428,0.9981089782974598,0.999517755838228,0,0.998260073260073,0.9931701268651829,0.9991751074937625,0,ok,0.3560809088442711,0.08603826501990118,0.5461627467035214,0,0.10869198920835645,-0.17311558522323395,0.3346058549510272,0,ok,0.7498814074599478,0.6253281421046186,0.8500499061311528,0,0.7837912087912087,0.6537055477966963,0.8684189623365146,0,ok,0.7215039816308051,0.5760155831980477,0.8469926828344014,0,0.796153846153846,0.6538056470223055,0.8818313229478468,0,ok,0.21114879286320212,0.1755576463875081,0.39353449639824456,717,0.19437403723927463,0.17398941056789882,0.3543722609330951,717,ok,0.012118993196979098,1,0.19914527965914283,0.1063472683583492
fresh_id,0.7,0.8,1,64,0.724898651399847,0.5748166725947665,0.8491352845283048,0,0.7829670329670328,0.6292856325721972,0.8783259177465839,0,ok,0.9989792095245411,0.9982808740652601,0.9995177788082549,0,0.9980311355311353,0.9927520668718437,0.9993584018707086,0,ok,0.33837361668939225,0.07217303386822381,0.533398353934391,0,0.08951888165454878,-0.24204655205215472,0.3326862227419919,1,ok,0.7431558366862687,0.62065218510374,0.8429131818581631,0,0.7690934065934064,0.6281319150904722,0.8624631064520943,0,ok,0.7248986513998469,0.5748166725947664,0.8491352845283046,0,0.7829670329670328,0.6292856325721972,0.8783259177465839,0,ok,0.06980091703177968,-0.22328951373091255,0.37043335795998755,278,0.038890436209884055,-0.25820339915273516,0.3016218436327478,278,ok,0.011527686895579545,2,0.14253543018761256,0.11857619818027436
fresh_id,0.8,0.9,1,64,0.7299225032681311,0.5767778080148153,0.8527825295243578,0,0.7846153846153845,0.6321227925023927,0.8796234244406426,0,ok,0.999052486741863,0.998443667026286,0.9995269410639693,0,0.9982142857142855,0.9930795918858162,0.9992210236550961,0,ok,0.32010386968818916,0.052708244702038776,0.521661303158376,0,0.17183561145913723,-0.2187294780484705,0.43240269564996997,0,ok,0.7352611203422847,0.6159288493482288,0.8352160934881778,0,0.7594322344322343,0.6105841958650632,0.8615433088909255,0,ok,0.729922503268131,0.5767778080148152,0.8527825295243581,0,0.7846153846153845,0.6321227925023927,0.8796234244406426,0,ok,0.3104273700982745,0.17497481809799972,0.4972517169328542,279,0.26737174894295285,0.1535727731008486,0.42411034514221585,279,ok,0.011034821059070058,2,0.2421127126344081,0.1267548108074823
fresh_id,0.9,1.0,1,64,0.7357450379644971,0.5798896458741765,0.8574087398673638,0,0.7852564102564101,0.6341894141448298,0.879430751848633,0,ok,0.9991327397394578,0.9986065351683749,0.9995507295684429,0,0.9989926739926738,0.9956448988012012,0.9995417691718017,0,ok,0.30032246546229596,0.025525409076349717,0.51248322862289,0,0.16546337351377477,-0.24204909662236637,0.4389955526027323,1,ok,0.7266816121058267,0.6033736554448701,0.8286239266982911,0,0.7361263736263735,0.5718523203953947,0.8446430084059268,0,ok,0.735745037964497,0.5798896458741764,0.8574087398673637,0,0.7852564102564101,0.6341894141448298,0.879430751848633,0,ok,0.16699860172420708,-0.1427696219022902,0.4582652798586251,36,0.1397713115629224,-0.1291342313798155,0.3802323588342418,36,ok,0.010621361323465668,4,0.18583891073442074,0.13799058628494726
fresh_id,0.1,0.3,2,64,0.8044104487690624,0.7261326358381618,0.8765775489890171,0,0.8524267399267398,0.7517347049710118,0.9102121113265932,0,ok,0.9873168983988133,0.9817235787141749,0.9957770707251201,0,0.992216117216117,0.980423458764084,0.9958750672445223,0,ok,0.3855256920404609,0.025612507197673273,0.589663499017489,0,0.1944216469856294,-0.1690893932721174,0.5004866938936134,0,ok,0.8122123780264162,0.7293581320367637,0.882993729520099,0,0.8564560439560438,0.756242837538923,0.9133962183884948,0,ok,0.8044104487690628,0.7261326358381618,0.8765775489890173,0,0.8524267399267398,0.7517347049710118,0.9102121113265932,0,ok,0.05758324314944402,-0.08934043924400825,0.2073995311726433,86,0.10604348674617717,-0.07782962032494936,0.26748710710166085,86,ok,0.03359005629080714,3,0.062076199296486854,0.05415953476777487
fresh_id,0.2,0.4,2,64,0.7669539040310253,0.6655112348588336,0.8598475234422107,0,0.8383699633699633,0.7131910277265423,0.9069679242009042,0,ok,0.9917237231367181,0.9870601959851574,0.9972010318209694,0,0.9928113553113551,0.9810693278332455,0.9959221123455964,0,ok,0.40019070491606146,0.08430045707768424,0.5962239138389106,0,0.22338083574830667,-0.06239619607685316,0.47510268503668657,0,ok,0.7851540399784387,0.6824060255716907,0.8710879389764479,0,0.8347527472527471,0.7152324976620902,0.901967580327753,0,ok,0.7669539040310255,0.6655112348588337,0.8598475234422109,0,0.8383699633699633,0.7131910277265423,0.9069679242009042,0,ok,0.18069305837246488,0.052978803728272204,0.3500326512316141,262,0.19931348557565579,0.08528343084934445,0.3441406010088546,262,ok,0.030596577989886506,2,0.10574885142388243,0.06801792914238128
fresh_id,0.3,0.5,2,64,0.7460080845664684,0.6284627899754727,0.8534168837574008,0,0.8305860805860804,0.7048567200437353,0.9033180428263922,0,ok,0.9936577713306365,0.9895123258698545,0.9977596950357521,0,0.9949175824175822,0.9849636623208592,0.9973871279367013,0,ok,0.39750901537387073,0.10266152266295506,0.5872246840908836,0,0.2861526434655658,0.03883130802108242,0.47274736899025915,0,ok,0.770429452200001,0.6585234975800724,0.8651208613528671,0,0.8144688644688644,0.6862825357117774,0.8919442508982854,0,ok,0.7460080845664685,0.6284627899754727,0.8534168837574009,0,0.8305860805860804,0.7048567200437353,0.9033180428263922,0,ok,0.1687420442835417,-0.06496718938032402,0.3832938882839091,22,0.1851969878208722,-0.04303373514012064,0.3727819352653739,22,ok,0.028325002939703553,4,0.11089879233059921,0.08098608729237262
fresh_id,0.4,0.6,2,64,0.7351779736445732,0.6069330045942519,0.8519972861941932,0,0.8182234432234431,0.688466799092778,0.8945165899275663,0,ok,0.9947022986744698,0.991081401811714,0.9979777332594194,0,0.9964743589743588,0.9889047227203123,0.9983045410805114,0,ok,0.3885620033200228,0.11234967023013909,0.5786521736068639,0,0.09161934516026089,-0.19226223963286732,0.3720141550570218,0,ok,0.7614226288063621,0.6421021882323344,0.8590439925448288,0,0.8082417582417581,0.6801263973269002,0.8861946242715341,0,ok,0.7351779736445734,0.6069330045942519,0.8519972861941935,0,0.8182234432234431,0.688466799092778,0.8945165899275663,0,ok,0.16030871355125367,-0.16777038283607126,0.41697132193785563,93,0.1300533328019154,-0.18983522394096855,0.3811254827683664,93,ok,0.026481223624266824,3,0.1310493712562332,0.0939386804567177
fresh_id,0.5,0.7,2,64,0.7308780231139103,0.5924647858453038,0.8505737508614962,0,0.8051739926739926,0.6671683210602602,0.8862414150609507,0,ok,0.9953340303372694,0.9920515873039041,0.9980553517673699,0,0.9959249084249082,0.9874818684584097,0.9978915089686766,0,ok,0.37543320353661475,0.10118475005942683,0.5686486933489439,0,0.021381510562148834,-0.20337342920204746,0.27135486379014057,0,ok,0.7543080670128705,0.6318043180434451,0.8531863972326745,0,0.7945970695970694,0.6656097073054663,0.8787862121336094,0,ok,0.7308780231139105,0.5924647858453039,0.8505737508614961,0,0.8051739926739926,0.6671683210602602,0.8862414150609507,0,ok,0.21114879286320212,0.1755576463875081,0.39353449639824456,717,0.19437403723927463,0.17398941056789882,0.3543722609330951,717,ok,0.02494160592766232,1,0.19914527965914283,0.1063472683583492
fresh_id,0.6,0.8,2,64,0.7307687220665946,0.5879283178541853,0.850025753688273,0,0.7968864468864467,0.6548903474028722,0.883909681490094,0,ok,0.9957563392257291,0.9928052545097075,0.9980712578999213,0,0.9950091575091573,0.9843293044085487,0.9974337971177583,0,ok,0.35960264712436746,0.0896056997514317,0.5524459993713224,0,0.1187958531368371,-0.16756267579215428,0.360415842109852,0,ok,0.7469839010345017,0.6267041566338212,0.8458178065033516,0,0.7776556776556776,0.646082585788526,0.8637915941436993,0,ok,0.7307687220665944,0.5879283178541851,0.850025753688273,0,0.7968864468864467,0.6548903474028722,0.883909681490094,0,ok,0.2160437606035876,0.17993474739465098,0.40112125282226396,717,0.20119417889679303,0.1876119964356077,0.3663303006598627,717,ok,0.023646680092558645,1,0.2217378176159246,0.11769932269740174
fresh_id,0.7,0.9,2,64,0.7333053351779395,0.5856017745321185,0.8529341815428674,0,0.78768315018315,0.6387772082467786,0.8803944728312728,0,ok,0.9960789315097032,0.9934517336346066,0.9980765362993933,0,0.9944139194139192,0.9848221149696257,0.997205638763865,0,ok,0.34220260220753956,0.07309331959694651,0.5391258534755216,0,0.1675926744259029,-0.17118156484823566,0.43898850905931247,0,ok,0.7387277608185966,0.6180829959854371,0.8384555644217796,0,0.7654304029304028,0.6225459205080742,0.8615516369855734,0,ok,0.7333053351779396,0.5856017745321184,0.8529341815428673,0,0.78768315018315,0.6387772082467786,0.8803944728312728,0,ok,0.07786124387718893,-0.22885087801452467,0.39150631036620825,278,0.034029131683648545,-0.27021595506613844,0.3016218436327478,278,ok,0.022562507954649605,2,0.1583895708492618,0.12945555731668057
fresh_id,0.8,1.0,2,64,0.737381248877755,0.5873583226814998,0.8566229617754563,0,0.7882326007326006,0.6389493961320133,0.8815150052854399,0,ok,0.9963882880043424,0.9941697592711582,0.9981511528549405,0,0.996657509157509,0.9896865816945859,0.9979378183488702,0,ok,0.32346091586697745,0.05040570137903533,0.5295669021225022,0,0.2200645036168604,-0.18847283857433933,0.5012020986840379,0,ok,0.7297875802982794,0.6098632580188195,0.8316093274035333,0,0.7476190476190475,0.589318532835526,0.8549512758054129,0,ok,0.737381248877755,0.5873583226814998,0.8566229617754563,0,0.7882326007326006,0.6389493961320133,0.8815150052854399,0,ok,0.32145342609264826,0.17699377095952246,0.5134440425488577,279,0.27223305346918836,0.16716428550064522,0.42737622139000375,279,ok,0.021656182382535725,2,0.26511159152555686,0.13697689737070012
