dataset,time,n_trajectories,pearson,pearson_ci95,pearson_invalid_bootstraps,spearman,spearman_ci95,spearman_invalid_bootstraps,status,mean_error,median_error,mean_U_rel,median_U_rel,mean_U_rms,auroc,precision,recall,high_error_count,selected_count,hits
fresh_id,0.1,64,0.7756133997351143,"[0.6972134623813464, 0.8640412702279591]",0,0.8461080586080585,"[0.7437233653398976, 0.903204941926568]",0,ok,0.020940572126751093,0.019251936659553923,0.014614118328586403,0.01497083079394632,0.003635253429355108,0.8823529411764706,0.46153846153846156,0.46153846153846156,13,13,6
fresh_id,0.2,64,0.7384170413570054,"[0.6346589565558822, 0.8437784337557633]",0,0.8293956043956042,"[0.7087990314446653, 0.8959246778672753]",0,ok,0.038600442473791685,0.03406589829364458,0.02587656982684761,0.026121655591125073,0.006457373114899618,0.8672699849170438,0.5384615384615384,0.5384615384615384,13,13,7
fresh_id,0.30000000000000004,64,0.7195301127495858,"[0.5984005184463692, 0.8355792890881628]",0,0.8181776556776555,"[0.6849992809860237, 0.8931221046661726]",0,ok,0.054530628417558236,0.04776133276614522,0.0360961301019936,0.03684847774001217,0.008996125267150969,0.861236802413273,0.5384615384615384,0.5384615384615384,13,13,7
fresh_id,0.4,64,0.7108500340476127,"[0.578450462480294, 0.8313925264931777]",0,0.8166666666666665,"[0.6821525117252258, 0.8952680403952858]",0,ok,0.06919702046367818,0.059941014318762725,0.04578517402496458,0.046054420322880096,0.01136512829672473,0.8536953242835595,0.5384615384615384,0.5384615384615384,13,13,7
fresh_id,0.5,64,0.7086244153091793,"[0.57111928522935, 0.8325861561607882]",0,0.8073260073260072,"[0.6731685944879973, 0.8895202006147919]",0,ok,0.08285563135726179,0.07158073125600414,0.055177505681376436,0.05450583159579864,0.013617233924318566,0.8401206636500754,0.46153846153846156,0.46153846153846156,13,13,6
fresh_id,0.6000000000000001,64,0.7104956469610559,"[0.5632474192121173, 0.8355179698408624]",0,0.793635531135531,"[0.6513496778453399, 0.8793507441116654]",0,ok,0.09567824408794501,0.08440297441616114,0.0644005987709019,0.06170824312274108,0.015782632465506086,0.8280542986425339,0.46153846153846156,0.46153846153846156,13,13,6
fresh_id,0.7000000000000001,64,0.7149413365281048,"[0.5671626429035656, 0.8389519034391744]",0,0.7809981684981684,"[0.6334030718793073, 0.8736555797088006]",0,ok,0.10779723728492412,0.09437229628555405,0.07353783475977094,0.0704072146737348,0.017881770135907454,0.8174962292609351,0.46153846153846156,0.46153846153846156,13,13,6
fresh_id,0.8,64,0.7209513330850896,"[0.5672170367247876, 0.8444805285661635]",0,0.7795787545787545,"[0.6277220776165867, 0.8757028467970006]",0,ok,0.11932492418050364,0.1029379621052936,0.08265268299983694,0.0798171300787686,0.01993023987970463,0.8129713423831071,0.46153846153846156,0.46153846153846156,13,13,6
fresh_id,0.9,64,0.7278004459446883,"[0.5689176011727742, 0.8493038763026359]",0,0.7814102564102563,"[0.6326172551903018, 0.8755382713797486]",0,ok,0.13035974523957372,0.11407252687122842,0.09179160094912056,0.0881425793615505,0.02193916910533909,0.8099547511312217,0.5384615384615384,0.5384615384615384,13,13,7
fresh_id,1.0,64,0.7348672939503044,"[0.5746013131164067, 0.8540188766444972]",0,0.7798992673992673,"[0.6281987011873748, 0.872633516635011]",0,ok,0.1409811065630394,0.12303261981568994,0.10096641597070255,0.09629165487468774,0.023910626115045505,0.8446455505279035,0.5384615384615384,0.5384615384615384,13,13,7
historical_id,0.1,8,0.8069677037948795,"[0.4347355424612772, 0.983327510117914]",0,0.7619047619047619,"[0.11364005193119119, 1.0]",0,ok,0.02497467785960658,0.02508594498924379,0.018238868690662637,0.017674973461633565,0.005663966957320235,1.0,1.0,1.0,2,2,2
historical_id,0.2,8,0.7866375760780151,"[0.4544345841014906, 0.9673969000727289]",0,0.8333333333333334,"[0.3424657534246575, 1.0]",0,ok,0.04605216408152985,0.04805310857114628,0.03285394977546635,0.03195140647415813,0.010190430658284982,1.0,1.0,1.0,2,2,2
historical_id,0.30000000000000004,8,0.7600997485710772,"[0.43615253241734964, 0.9588093317880013]",0,0.8095238095238095,"[0.2839506172839506, 1.0]",0,ok,0.06517345184108796,0.06983508121531062,0.04624382496018893,0.04509573635335304,0.014253789506861748,1.0,1.0,1.0,2,2,2
historical_id,0.4,8,0.7345763592969029,"[0.3987892625069865, 0.951316079652351]",0,0.8095238095238095,"[0.2839506172839506, 1.0]",0,ok,0.08292916208837572,0.09055291885847319,0.05899110356221018,0.057581166548380885,0.01803731149556243,1.0,1.0,1.0,2,2,2
historical_id,0.5,8,0.7121513573047938,"[0.35727585209116647, 0.9464111832026689]",0,0.8095238095238095,"[0.2839506172839506, 1.0]",0,ok,0.09960673803829666,0.11047990453373946,0.07137127272944474,0.06963615398307882,0.02163161938138777,1.0,1.0,1.0,2,2,2
historical_id,0.6000000000000001,8,0.6930766207830494,"[0.33313279279909186, 0.9390258390934773]",0,0.8095238095238095,"[0.2839506172839506, 1.0]",0,ok,0.11537509905326235,0.12966765088672894,0.08352438849563625,0.08139131528840327,0.025086510267716307,1.0,1.0,1.0,2,2,2
historical_id,0.7000000000000001,8,0.676947285963621,"[0.2798526231344574, 0.9322353385244271]",0,0.7619047619047619,"[0.2161905576462539, 1.0]",0,ok,0.13034681930156672,0.148143808416914,0.09552451876362114,0.09293444560991719,0.02843160475747899,0.8333333333333334,0.5,0.5,2,2,1
historical_id,0.8,8,0.663180734519517,"[0.2358356866795022, 0.9279951130086116]",0,0.6666666666666666,"[0.08860759493670886, 1.0]",0,ok,0.14460335754639103,0.16415655890611291,0.10741318582991828,0.10433445151439687,0.03168633679774403,0.8333333333333334,0.5,0.5,2,2,1
historical_id,0.9,8,0.6512251463209693,"[0.18651060632635996, 0.9251366087616874]",0,0.5238095238095238,"[-0.20012820512820514, 1.0]",0,ok,0.15820825384825093,0.17873535421053538,0.11921622607972308,0.11565152908549184,0.0348649862809744,0.8333333333333334,0.5,0.5,2,2,1
historical_id,1.0,8,0.6406422569175085,"[0.1437022825696114, 0.9236469391334059]",0,0.6190476190476191,"[-0.06363193768257058, 1.0]",0,ok,0.17121562133367457,0.19261723892252935,0.13095184133559157,0.12693887102080725,0.0379789949238933,0.9166666666666666,0.5,0.5,2,2,1
