regime,time,n_trajectories,mean_error,median_error,mean_error_ci95_low,mean_error_ci95_high,mean_U_rel,median_U_rel,mean_U_rel_ci95_low,mean_U_rel_ci95_high,mean_U_rms,median_U_rms,mean_U_rms_ci95_low,mean_U_rms_ci95_high,U_rel_q10,U_rel_q50,U_rel_q90,within_regime_n_trajectories,within_regime_pearson,within_regime_pearson_ci95_low,within_regime_pearson_ci95_high,within_regime_pearson_invalid_bootstraps,within_regime_spearman,within_regime_spearman_ci95_low,within_regime_spearman_ci95_high,within_regime_spearman_invalid_bootstraps,within_regime_status,versus_fresh_id_error_mean_difference,versus_fresh_id_error_mean_difference_ci95_low,versus_fresh_id_error_mean_difference_ci95_high,versus_fresh_id_error_median_difference,versus_fresh_id_error_median_difference_ci95_low,versus_fresh_id_error_median_difference_ci95_high,versus_fresh_id_error_mean_ratio,versus_fresh_id_error_mean_ratio_ci95_low,versus_fresh_id_error_mean_ratio_ci95_high,versus_fresh_id_error_invalid_ratio_bootstraps,versus_fresh_id_U_rel_mean_difference,versus_fresh_id_U_rel_mean_difference_ci95_low,versus_fresh_id_U_rel_mean_difference_ci95_high,versus_fresh_id_U_rel_median_difference,versus_fresh_id_U_rel_median_difference_ci95_low,versus_fresh_id_U_rel_median_difference_ci95_high,versus_fresh_id_U_rel_mean_ratio,versus_fresh_id_U_rel_mean_ratio_ci95_low,versus_fresh_id_U_rel_mean_ratio_ci95_high,versus_fresh_id_U_rel_invalid_ratio_bootstraps
fresh_id,0.1,64,0.020940572126751093,0.019251936659553923,0.018247010023675323,0.02391045157258799,0.014614118328586403,0.01497083079394632,0.013248571194751828,0.01595538822768711,0.003635253429355108,0.003021581364158939,0.0030431475676086753,0.0042778322598184424,0.007468578104021965,0.01497083079394632,0.02204612577206638,64,0.7756133997351143,0.7015874605336536,0.8615652320127488,0,0.8461080586080585,0.7466194172370783,0.9070628308569467,0,ok,0.0,0.0,0.0,0.0,0.0,0.0,1.0,1.0,1.0,0,0.0,0.0,0.0,0.0,0.0,0.0,1.0,1.0,1.0,0
fresh_id,0.2,64,0.038600442473791685,0.03406589829364458,0.03366475174872405,0.04405989909361149,0.02587656982684761,0.026121655591125073,0.023433581654061248,0.02822742715486076,0.006457373114899618,0.005300376791483671,0.005342179004966956,0.007634763173812518,0.013037562972805797,0.026121655591125073,0.03911237378386365,64,0.7384170413570054,0.6377554001002452,0.8427318362854535,0,0.8293956043956042,0.7147426191538503,0.9032226689958569,0,ok,0.0,0.0,0.0,0.0,0.0,0.0,1.0,1.0,1.0,0,0.0,0.0,0.0,0.0,0.0,0.0,1.0,1.0,1.0,0
fresh_id,0.3,64,0.054530628417558236,0.04776133276614522,0.04774041334930706,0.062283286051725104,0.0360961301019936,0.03684847774001217,0.03264584683436006,0.03948483753137693,0.008996125267150969,0.007207475208116298,0.007407354849841705,0.010668686595754467,0.018152335567313372,0.03684847774001217,0.05506914840100649,64,0.7195301127495858,0.6044463860738986,0.8343940224182,0,0.8181776556776555,0.6947287491499026,0.8982411626916273,0,ok,0.0,0.0,0.0,0.0,0.0,0.0,1.0,1.0,1.0,0,0.0,0.0,0.0,0.0,0.0,0.0,1.0,1.0,1.0,0
fresh_id,0.4,64,0.06919702046367818,0.059941014318762725,0.06071182362330796,0.07887948955103229,0.04578517402496458,0.046054420322880096,0.04124401403342852,0.050189609407324136,0.01136512829672473,0.009058658137749153,0.009328288495781488,0.013528881095225988,0.02301439658109593,0.046054420322880096,0.07032604920418734,64,0.7108500340476127,0.58457758937643,0.8332535993575992,0,0.8166666666666665,0.6943713555549632,0.8976496300226589,0,ok,0.0,0.0,0.0,0.0,0.0,0.0,1.0,1.0,1.0,0,0.0,0.0,0.0,0.0,0.0,0.0,1.0,1.0,1.0,0
fresh_id,0.5,64,0.08285563135726179,0.07158073125600414,0.07296153686037503,0.09431677193468004,0.055177505681376436,0.05450583159579864,0.04962048003497853,0.06058541807724176,0.013617233924318566,0.01082450591284399,0.011153868726331253,0.01626640169556564,0.027678391613936388,0.05450583159579864,0.08497136412284569,64,0.7086244153091793,0.5751304721028799,0.8347891192640335,0,0.8073260073260072,0.6783439168251875,0.892750515463885,0,ok,0.0,0.0,0.0,0.0,0.0,0.0,1.0,1.0,1.0,0,0.0,0.0,0.0,0.0,0.0,0.0,1.0,1.0,1.0,0
fresh_id,0.6,64,0.09567824408794501,0.08440297441616114,0.08428131083527936,0.1086577068419252,0.0644005987709019,0.06170824312274108,0.057867478962574596,0.0708283768639797,0.015782632465506086,0.012593252327899613,0.012881498876332787,0.018886508169225234,0.03236666012856737,0.06170824312274108,0.09955344466399771,64,0.7104956469610559,0.5748522080622793,0.8390843830035941,0,0.793635531135531,0.6611244157721312,0.8832795681173609,0,ok,0.0,0.0,0.0,0.0,0.0,0.0,1.0,1.0,1.0,0,0.0,0.0,0.0,0.0,0.0,0.0,1.0,1.0,1.0,0
fresh_id,0.7,64,0.10779723728492412,0.09437229628555405,0.09518738977823818,0.1220606575975807,0.07353783475977094,0.0704072146737348,0.066070498747424,0.0809575374917539,0.017881770135907454,0.014275915502738332,0.014598102896085126,0.021434474580216065,0.03653548925505508,0.0704072146737348,0.11506191004741706,64,0.7149413365281048,0.576670867183808,0.8421898795719434,0,0.7809981684981684,0.6405495316670954,0.8780737585447228,0,ok,0.0,0.0,0.0,0.0,0.0,0.0,1.0,1.0,1.0,0,0.0,0.0,0.0,0.0,0.0,0.0,1.0,1.0,1.0,0
fresh_id,0.8,64,0.11932492418050364,0.1029379621052936,0.10546988128981498,0.13496516639401993,0.08265268299983694,0.0798171300787686,0.07411403123342641,0.0910964451239716,0.01993023987970463,0.015888983885978446,0.016246601145431704,0.023939445554041393,0.04062675836250045,0.0798171300787686,0.13023451681588244,64,0.7209513330850896,0.576112347936362,0.8479307517187767,0,0.7795787545787545,0.6330405585320367,0.8809876796101399,0,ok,0.0,0.0,0.0,0.0,0.0,0.0,1.0,1.0,1.0,0,0.0,0.0,0.0,0.0,0.0,0.0,1.0,1.0,1.0,0
fresh_id,0.9,64,0.13035974523957372,0.11407252687122842,0.11520128739294368,0.1471308854702127,0.09179160094912056,0.0881425793615505,0.08240969686093094,0.10125205051367209,0.02193916910533909,0.017314143507826913,0.01786784831277633,0.02641317275269328,0.044232850990139023,0.0881425793615505,0.14591527373532098,64,0.7278004459446883,0.5814283436855628,0.8538203769877182,0,0.7814102564102563,0.6328246287485508,0.8800665684576892,0,ok,0.0,0.0,0.0,0.0,0.0,0.0,1.0,1.0,1.0,0,0.0,0.0,0.0,0.0,0.0,0.0,1.0,1.0,1.0,0
fresh_id,1.0,64,0.1409811065630394,0.12303261981568994,0.1247257467975715,0.1589012805783216,0.10096641597070255,0.09629165487468774,0.09051336363978486,0.11136912738785903,0.023910626115045505,0.018483862902458813,0.019465619158360557,0.02884772363887272,0.047326613119007654,0.09629165487468774,0.16068526972927252,64,0.7348672939503044,0.5872724275006291,0.8586379320430811,0,0.7798992673992673,0.630562639750694,0.8794750193716024,0,ok,0.0,0.0,0.0,0.0,0.0,0.0,1.0,1.0,1.0,0,0.0,0.0,0.0,0.0,0.0,0.0,1.0,1.0,1.0,0
historical_id,0.1,8,0.02497467785960658,0.02508594498924379,0.019819636686270105,0.029516746732523094,0.018238868690662637,0.017674973461633565,0.014783042181907785,0.02217393162161971,0.005663966957320235,0.005166011026826936,0.0034162130955787805,0.008366026593197785,0.01233884659478684,0.017674973461633565,0.025498718724910403,8,0.8069677037948795,0.3812769622576841,0.9831769125412043,0,0.7619047619047619,0.0410958904109589,1.0,0,ok,0.004034105732855488,-0.0022387923047268313,0.00924516077355886,0.005834008329689867,-0.0006739487474582714,0.014058724974656852,1.1926454400785933,0.9017603205831226,1.4797430964823153,0,0.003624750362076233,-0.00016638580848382062,0.007820248478901138,0.0027041426676872454,-0.003115490266231431,0.009191127735961955,1.24803072484954,0.9888764476948672,1.5523069062758308,0
historical_id,0.2,8,0.04605216408152985,0.04805310857114628,0.035899548151170864,0.054906911244941785,0.03285394977546635,0.03195140647415813,0.025676687565852407,0.04082832387433794,0.010190430658284982,0.009342059121194346,0.005978650088636465,0.015198676309159546,0.020887571638795448,0.03195140647415813,0.047961462145304404,8,0.7866375760780151,0.41425429616321696,0.9627327095950413,0,0.8333333333333334,0.3329113924050633,1.0,0,ok,0.007451721607738167,-0.004297490905034061,0.017484853301955105,0.013987210277501702,-0.0017578311601820357,0.02578410850103424,1.1930475696696383,0.8950455868398813,1.4875769697559742,0,0.006977379948618741,-0.0006368035896849182,0.015362291215711876,0.005829750883033058,-0.005262346178904656,0.019065526295645285,1.26964083707028,0.9774184250179189,1.6101304347928977,0
historical_id,0.3,8,0.06517345184108796,0.06983508121531062,0.05049627811668332,0.07828576452280464,0.04624382496018893,0.04509573635335304,0.0354030248909772,0.05834401891165527,0.014253789506861748,0.013180245510755577,0.008241758490806876,0.021339587586185132,0.027963949462580844,0.04509573635335304,0.06941567587280875,8,0.7600997485710772,0.3979103654169082,0.9524728223955728,0,0.8095238095238095,0.2345679012345679,1.0,0,ok,0.010642823423529721,-0.006115200091203808,0.025154804045758507,0.022073748449165403,-0.0034067699078622286,0.035960619839742844,1.1951714794488386,0.8897127343244476,1.492150283517986,0,0.010147694858195333,-0.001241174156027826,0.02272142839762808,0.008247258613340872,-0.007397129166304483,0.02904771292833764,1.2811297174938672,0.9671996800874978,1.6448465449214065,0
historical_id,0.4,8,0.08292916208837572,0.09055291885847319,0.06373969076132568,0.10019947464519081,0.05899110356221018,0.057581166548380885,0.04439552147718946,0.07515455874549232,0.01803731149556243,0.016824715230879642,0.010339655422257605,0.027065411028866837,0.034060474316278455,0.057581166548380885,0.09037366357384995,8,0.7345763592969029,0.3622622795759746,0.9414667149918488,0,0.8095238095238095,0.2345679012345679,1.0,0,ok,0.013732141624697547,-0.007954322913896429,0.032188674352707475,0.030611904539710466,-0.005932012042122292,0.045787317261783644,1.1984498975921314,0.8881318697648773,1.4971943542880177,0,0.0132059295372456,-0.002371650941409715,0.030078923636666772,0.011526746225500789,-0.009663387881934864,0.039748673270319765,1.2884324416905133,0.9501110359578436,1.6715803788564407,0
historical_id,0.5,8,0.09960673803829666,0.11047990453373946,0.07571639699792454,0.12050994988972205,0.07137127272944474,0.06963615398307882,0.05306094075543634,0.09159399424803102,0.02163161938138777,0.020341641197510283,0.012334140110750897,0.03239296026465507,0.039807652713005924,0.06963615398307882,0.11106200140747317,8,0.7121513573047938,0.3255603697947558,0.9328503114469372,0,0.8095238095238095,0.2345679012345679,1.0,0,ok,0.01675110668103487,-0.009792424092245285,0.03918489262350104,0.038899173277735316,-0.00667825247781277,0.05481311658421443,1.2021722169831337,0.8873723636563706,1.5065143785944293,0,0.016193767048068304,-0.003283250685713754,0.03727417425223872,0.015130322387280182,-0.011105823741058035,0.051273938107406714,1.2934849418815617,0.9428326066886369,1.6920517665979773,0
historical_id,0.6,8,0.11537509905326235,0.12966765088672894,0.08705107325064436,0.13992610305294886,0.08352438849563625,0.08139131528840327,0.061428253160943753,0.10777642587753926,0.025086510267716307,0.02376745567097164,0.014223334338273552,0.03751495119658096,0.04540687141932138,0.08139131528840327,0.1315646699127636,8,0.6930766207830494,0.279792926296931,0.9237842798980462,0,0.8095238095238095,0.2345679012345679,1.0,0,ok,0.01969685496531734,-0.011504063784406039,0.04594693843972283,0.0452646764705678,-0.007297105698905487,0.0645228922340684,1.2058655565126435,0.8856811654405664,1.5146274869781666,0,0.019123789724734344,-0.004244514707187921,0.04423797768086396,0.019683072165662188,-0.0130510833504952,0.06290911451083707,1.2969504956431406,0.939091752187343,1.706629176446505,0
historical_id,0.7,8,0.13034681930156672,0.148143808416914,0.09820152723189478,0.15822462385380723,0.09552451876362114,0.09293444560991719,0.0696787986457199,0.12379542166007607,0.02843160475747899,0.02712491872056867,0.015948182614840004,0.042411955829856636,0.05096005001869005,0.09293444560991719,0.15188313068924217,8,0.676947285963621,0.2342819220458258,0.9157239915090286,0,0.7619047619047619,0.2345679012345679,1.0,0,ok,0.022549582016642603,-0.013079136058171553,0.05243884253890401,0.053771512131359944,-0.008699504256322196,0.07467698022696825,1.209185157102317,0.8817899892656971,1.5242802629773684,0,0.021986684003850204,-0.005265339569664402,0.051200137821089196,0.02252723093618239,-0.014325437173908825,0.07542730142295044,1.2989846529432776,0.9321199954080606,1.713052331958715,0
historical_id,0.8,8,0.14460335754639103,0.16415655890611291,0.10911072435995693,0.17584854164688538,0.10741318582991828,0.10433445151439687,0.07793276290944481,0.13960163076319582,0.03168633679774403,0.030429770347767414,0.01764647663093845,0.04709718678150444,0.056520445776532605,0.10433445151439687,0.17197419766570768,8,0.663180734519517,0.18905398746333626,0.9154934838699463,0,0.6666666666666666,0.0403849488468875,1.0,0,ok,0.025278433365887393,-0.014857821911290441,0.0586824308823556,0.061218596800819314,-0.00955821408528477,0.08230046839985272,1.2118453754694916,0.8814748335085372,1.5247230195698922,0,0.02476050283008134,-0.0065141738562067095,0.05783191016026611,0.024517321435628264,-0.015868551764129973,0.08780840454904569,1.2995728865828855,0.9267393719948732,1.7184064720290413,0
historical_id,0.9,8,0.15820825384825093,0.17873535421053538,0.11910634277723818,0.19296995299732975,0.11921622607972308,0.11565152908549184,0.08610907155123676,0.1552315804537145,0.0348649862809744,0.033693860020392555,0.019407624006813572,0.051668167198842846,0.06211733267473878,0.11565152908549184,0.19177514867363862,8,0.6512251463209693,0.14029735868278048,0.9146369182291473,0,0.5238095238095238,-0.23076923076923078,1.0,0,ok,0.027848508608677214,-0.016800224847131534,0.06454061039097576,0.06466282733930696,-0.012485268417659276,0.090990829127614,1.2136281300450344,0.8788434841622218,1.526678705895414,0,0.027424625130602523,-0.007526045791195992,0.06460662055171626,0.027508949723941342,-0.01805346909085928,0.09960440948940913,1.2987705285345639,0.9228393002867962,1.7206217176852723,0
historical_id,1.0,8,0.17121562133367457,0.19261723892252935,0.12839720059797227,0.20887666781290276,0.13095184133559157,0.12693887102080725,0.09428999764703311,0.1706512235449409,0.0379789949238933,0.036926684180684566,0.021151480207664185,0.05629845604635226,0.06776808657487389,0.12693887102080725,0.2106755767719635,8,0.6406422569175085,0.11944640155421372,0.9124941296582576,0,0.6190476190476191,-0.1506849315068493,1.0,0,ok,0.030234514770635185,-0.01834245795171072,0.07039512568169858,0.06958461910683941,-0.013625927757654949,0.1005160775828146,1.2144579192752747,0.8777300775250568,1.5285910450714966,0,0.029985425364889018,-0.008561293080495755,0.07079963474433432,0.03064721614611951,-0.020008273109000732,0.1087515762737405,1.2969841513795033,0.920517993826817,1.7206302456168925,0
high_nu,0.1,64,0.021085203240633225,0.018748145311703414,0.018903438186121484,0.02341367414438236,0.025864694545069768,0.024360740559475465,0.02342883571535009,0.028453570524962894,0.005743156700318275,0.0054256809003176325,0.005166162177634617,0.0062954242488681205,0.014826694658666553,0.024360740559475465,0.03890336083789755,64,0.5453148514117702,0.3308091162044865,0.7222670353920734,0,0.5535714285714285,0.34150460856544657,0.7185361218700698,0,ok,0.00014463111388213212,-0.0034842860770383996,0.0038132743181362996,-0.0005037913478505088,-0.004782152718400435,0.004080089480271527,1.0069067412774921,0.845263871956611,1.2039227822616625,0,0.011250576216483364,0.008467717672580454,0.014307381376888629,0.009389909765529145,0.005889845012767059,0.013148966068510149,1.7698429671584308,1.553135791973697,2.0374643107444617,0
high_nu,0.2,64,0.038802158744583155,0.03442627360148284,0.03475134690583423,0.043149518581939356,0.046402222464657,0.04272854326468152,0.042029259477537,0.051085515654720595,0.010117722269590169,0.00965223510897489,0.009095146377840532,0.01110925840968132,0.02646491872568625,0.04272854326468152,0.06946773310691023,64,0.5904630502160612,0.4060952998522451,0.7447578186844394,0,0.6029304029304028,0.4060247040248049,0.7494490610674338,0,ok,0.0002017162707914702,-0.0065390830542341166,0.007083349569746953,0.0003603753078382649,-0.008219137244982707,0.00753099045294545,1.0052257502210868,0.8461737247763121,1.2055523021996453,0,0.02052565263780939,0.015621246361435357,0.025939156319555446,0.016606887673556447,0.010812899400109006,0.0237076920180989,1.7932138136992755,1.5699159130105815,2.0655182909668865,0
high_nu,0.3,64,0.054643319172129286,0.048502812087263064,0.04892134356904784,0.06087548912240638,0.06479340422469848,0.06155213423683621,0.05869501273277932,0.07136324328798607,0.01386968583692284,0.0134749821181608,0.012410569073731507,0.015234175766962597,0.03601517314267771,0.06155213423683621,0.09816377172705616,64,0.6259899849051473,0.46826124092313665,0.7570026569942787,0,0.6356227106227105,0.4521702968791609,0.7628440702681756,0,ok,0.0001126907545710501,-0.009220179313683071,0.009847529771443774,0.0007414793211178439,-0.012588156274396807,0.01078572609385142,1.0020665588833515,0.8446284335209197,1.2005011360107383,0,0.028697274122704883,0.021742517768125337,0.03638819948571071,0.024703656496824045,0.015039634808714819,0.03282695405592163,1.7950235673912291,1.5705033000154438,2.0776934243503296,0
high_nu,0.4,64,0.06923226056492846,0.06163729051761159,0.06187234416015552,0.07712702470127475,0.08226572863701535,0.07778697997935718,0.07445188098437654,0.09082495967550296,0.017263992341240597,0.01684468648075238,0.015396136195918975,0.01900079639453421,0.044688595582231996,0.07778697997935718,0.12602836065657655,64,0.6503893800163064,0.518180326735964,0.766806448575375,0,0.6868131868131867,0.5256060377812282,0.7950476951987997,0,ok,3.524010125027788e-05,-0.011658963910726617,0.01233739812186886,0.0016962761988488645,-0.016179740816807356,0.014361477778589699,1.0005092719457302,0.8440703363826878,1.1978645573812523,0,0.036480554612050776,0.02741172678691582,0.046248096321850216,0.03173255965647709,0.019989771853636637,0.041914823098364216,1.796776585192394,1.5637935405262922,2.086460332622786,0
high_nu,0.5,64,0.08297777200846948,0.07425358865065242,0.07418670585673919,0.09225248966026062,0.09943233868441614,0.09123771474095688,0.0899495245536651,0.10996997206868606,0.020426947988420114,0.019701404827144484,0.01816409068743168,0.022552554262043233,0.052998750400611506,0.09123771474095688,0.14841764469144003,64,0.6663848456193713,0.5532553338905004,0.7742255854946634,0,0.7189102564102563,0.5702180512996776,0.8166591001578524,0,ok,0.00012214065120769169,-0.013777134899667068,0.014720449427469404,0.002672857394648273,-0.019001904835325798,0.01760544365410593,1.0014741381992618,0.8451698630078774,1.197068348227437,0,0.04425483300303971,0.03304608013572179,0.05605845203622334,0.03673188314515824,0.02513373504410228,0.050373487050175435,1.8020448270820737,1.5674664385507786,2.0924993167594743,0
high_nu,0.6,64,0.09620234227591565,0.0866519447756626,0.08602576747322559,0.10684412524377421,0.11662528787770349,0.10746688709843927,0.10530099243340704,0.12930414293786022,0.023423720281578114,0.022386028378886418,0.02083239761541211,0.02591936192312141,0.06120917283524929,0.10746688709843927,0.17154056740945783,64,0.6765104485144832,0.5735769581138354,0.7811218041821828,0,0.7362637362637361,0.5930894513902507,0.8270586454637648,0,ok,0.0005240981879706397,-0.01522615614878164,0.017202829505907374,0.0022489703595014593,-0.021721805296845056,0.021155142960546804,1.0054777153674446,0.8504634340722278,1.1970915156361697,0,0.052224689106801586,0.03888181820358118,0.06631892547442783,0.04575864397569819,0.030100754465876282,0.05922853564507609,1.8109348376182839,1.5721303244884786,2.1043101295622013,0
high_nu,0.7,64,0.10918430587604076,0.10044477310668962,0.09763571076417049,0.12120398298475972,0.1340428016825343,0.12377429188626433,0.12092693289076835,0.1487657658591112,0.026290241615390494,0.025004583345221876,0.023391287485635855,0.029131647680207318,0.06963198255225361,0.12377429188626433,0.2011482231442983,64,0.6827264146125385,0.5885529168389785,0.7864212889708884,0,0.7494505494505493,0.6124518305847122,0.8353074802977679,0,ok,0.001387068591116647,-0.01633989069507545,0.019889241582375778,0.0060724768211355695,-0.024600277248601792,0.02601540260935847,1.0128673853435632,0.8603137283401054,1.2018890913249134,0,0.06050496692276336,0.04497746862507426,0.07688576705959023,0.053367077212529535,0.03474706738105807,0.07010712802126232,1.8227732992196115,1.5771464044708052,2.1201463080381564,0
high_nu,0.8,64,0.12213389256399398,0.11323105421572027,0.10932576929172157,0.13518180207070415,0.1518224389747342,0.13832610311303783,0.1367186964245826,0.16853649528454898,0.029047802909785175,0.027352481768342547,0.025770335439305885,0.0322260362266933,0.0784600905849333,0.13832610311303783,0.2327191184006232,64,0.6860894859356854,0.5918903945907005,0.7946876015444236,0,0.7628205128205127,0.630453325555843,0.8433805399217774,0,ok,0.0028089683834903456,-0.01683411835081389,0.023073474734889278,0.010293092110426671,-0.026305246403752997,0.03030711364310999,1.0235405000487676,0.8709488734259624,1.2099235983269798,0,0.06916975597489725,0.05129388160085825,0.08797902992934174,0.05850897303426923,0.03845858956873471,0.08152380655045346,1.83687248210725,1.5868983539534316,2.1447000825630673,0
high_nu,0.9,64,0.13517390631843962,0.12639826961590045,0.12103579255364592,0.14935113628934113,0.1700628615682555,0.1521037205569441,0.15295940310467418,0.18910382267772044,0.031707390907381235,0.029700544090767226,0.028135091628835325,0.035220342881042616,0.0873570788013076,0.1521037205569441,0.26434324586516267,64,0.6865998898957639,0.591045699202213,0.7969645767676009,0,0.7815934065934065,0.6591781180990525,0.8591211704898065,0,ok,0.004814161078865897,-0.01616532717159231,0.02654553588940926,0.012325742744672033,-0.026319885128478195,0.03458723426652304,1.0369298134943306,0.8825307631053628,1.2221771018726262,0,0.07827126061913495,0.05818808977555073,0.0999049295368162,0.0639611411953936,0.04286769095621658,0.09340739596133271,1.852706127900745,1.6019640565134867,2.1693407312358866,0
high_nu,1.0,64,0.14837485551103863,0.13728448119358277,0.13298614626480162,0.16356663314697745,0.1888329880083702,0.16599375963583674,0.16954138097768853,0.21006839978799408,0.03427175077406365,0.03202602562261094,0.030444539946112324,0.03813618043065009,0.09637655544552198,0.16599375963583674,0.2948846357480609,64,0.6839724145326651,0.5816883080269976,0.7990364412572893,0,0.7877747252747251,0.6628897390305003,0.8598702915529589,0,ok,0.00739374894799924,-0.015142316919418346,0.030784591543836733,0.014251861377892833,-0.024757959009193493,0.039026378453686825,1.0524449632170616,0.9009624877646458,1.238408490838193,0,0.08786657203766765,0.06557742944413862,0.1124704128548545,0.06970210476114899,0.049667841749965636,0.10729534425191127,1.8702554328873466,1.6157725191333507,2.1937667259836506,0
velocity_pp,0.1,16,0.05941191948991441,0.06109790505000908,0.053774174712138856,0.0653056246504009,0.02718877506874396,0.027137826520492646,0.02463662538516039,0.029703577036183225,0.007052651206325193,0.005999371637754016,0.005735728700652828,0.008419030456474796,0.02052679869401247,0.027137826520492646,0.033542361084267676,16,0.3041995697740315,-0.13424614433680304,0.6673799087011358,0,0.2911764705882353,-0.26786441798941796,0.6861500863917813,0,ok,0.038471347363163315,0.03221734570078768,0.044933485125875354,0.04184596839045516,0.03182488861041886,0.049560586421144706,2.837167921215346,2.4232806713550845,3.343986908107913,0,0.012574656740157557,0.009777168561322512,0.015306889967240797,0.012166995726546326,0.007724411576796118,0.01734904936007281,1.8604458002478677,1.6320103930283143,2.120662822917238,0
velocity_pp,0.2,16,0.11490066831666106,0.11685741962113529,0.10413448542936303,0.12639673575226035,0.0505779172290009,0.05084627813978304,0.04555147093748162,0.055635480903632246,0.012943693343683593,0.010840771227679721,0.010410081571786621,0.015569068865456311,0.038046352961223495,0.05084627813978304,0.06288472535058234,16,0.2714294643437982,-0.14429516959859673,0.6624184835533554,0,0.20294117647058824,-0.3452913533834586,0.6597014925373136,0,ok,0.07630022584286937,0.06436525941356028,0.08894031724256415,0.08279152132749071,0.064015872468754,0.09687515088602978,2.9766671300380683,2.548409681934911,3.5054473082000595,0,0.024701347402153292,0.019016498989334277,0.030202104786431757,0.024724622548657968,0.01465114464287325,0.033475863024381464,1.9545835312578796,1.7005178152776859,2.2358076134802025,0
velocity_pp,0.3,16,0.16687495590607856,0.16888141660063738,0.1515266043628572,0.18360062077503916,0.07282109248684278,0.07335084611434578,0.06536008597050715,0.08042380040889718,0.018357161430258426,0.015287959266188441,0.014708291345962507,0.022189971914124636,0.05486422068015932,0.07335084611434578,0.09254554193725059,16,0.254869919206137,-0.1527145458376892,0.6794572412562301,0,0.18823529411764706,-0.3671386338710819,0.6602212848626783,0,ok,0.11234432748852033,0.09510444464917828,0.13060363311094816,0.12112008383449216,0.0958181214680971,0.14068539451215717,3.0602059933779664,2.6207887712338094,3.5993009364862014,0,0.03672496238484918,0.028303658237301625,0.045187950982167116,0.03650236837433361,0.021776299297033924,0.04793195697544931,2.017421044335743,1.7445618165746284,2.3252847614310888,0
velocity_pp,0.4,16,0.21547163509316705,0.21707592425401168,0.19591918882715703,0.2369729210631831,0.09469119141976548,0.09557852573734768,0.08482856974849821,0.10492856943782577,0.023489263816629774,0.01954212917702924,0.018737321960679634,0.028451603448555587,0.07187798939166914,0.09557852573734768,0.12227899608484363,16,0.24006217305140307,-0.16353690113965735,0.6793621976267121,0,0.13529411764705881,-0.42053473925419366,0.6396607332407935,0,ok,0.14627461462948887,0.12444491294408712,0.16959161647440743,0.15713490993524895,0.1273353916802005,0.18232476012395576,3.1138860264405324,2.669116146097653,3.653175612935712,0,0.0489060173948009,0.03782836866517681,0.06022330752106997,0.049524105414467584,0.029023021501616373,0.06252328459342257,2.0681627499796043,1.78166289287648,2.390565572506647,0
velocity_pp,0.5,16,0.2608236570561878,0.2617333332131684,0.2373036369015267,0.28661235915932554,0.1165321963605481,0.1158003334590576,0.10418033526711183,0.12961334357086673,0.028429299899597724,0.023815863831937144,0.02259831921315477,0.03449457800692574,0.08952980685802339,0.1158003334590576,0.15227334691016847,16,0.22573630993610844,-0.18168691405191922,0.6795835632561108,0,0.12352941176470589,-0.42096891110060564,0.6312119724890917,0,ok,0.17796802569892603,0.1521775940065856,0.2060523831736958,0.19015260195716424,0.15614977296623697,0.22041478379786628,3.147929148370773,2.6994413788774905,3.68615417276387,0,0.06135469067917166,0.047423514171200325,0.07563720495272827,0.061294501863258966,0.03763677873128142,0.07796256434771479,2.1119511460605978,1.8137322067932358,2.4502718432852437,0
velocity_pp,0.6,16,0.3030934800397522,0.3031652194055031,0.276255820867006,0.3328445256880175,0.1385276636382594,0.1357172789188808,0.12369529452631556,0.1547027965700066,0.033226701970662194,0.028097119826211474,0.02635013024005804,0.040390145549476016,0.10626522984302461,0.1357172789188808,0.18262760450371618,16,0.21220587296345822,-0.19054422647190158,0.670699052023046,0,0.16176470588235295,-0.4048280423280423,0.6831444853726242,0,ok,0.20741523595180722,0.177937689343972,0.23940953487768676,0.218762244989342,0.18071293897541046,0.2550844557600599,3.16784116315049,2.7181762955096196,3.6980806522911474,0,0.07412706486735751,0.057512798673401026,0.09145470829025114,0.07400903579613972,0.0467711191253388,0.09367437003736817,2.1510306780074586,1.8434234082152132,2.500641535726286,0
velocity_pp,0.7,16,0.3424734663058609,0.3416963152245493,0.3129201238100934,0.3751964993774638,0.1607990525617211,0.15587881031657067,0.1436204430350467,0.17986800591417268,0.03791493956814658,0.03235368044333776,0.03006778172661772,0.0461523123578407,0.12292505927476233,0.15587881031657067,0.21343109329963128,16,0.19991202647605957,-0.20910069011043309,0.6629437205376092,0,0.14705882352941177,-0.41327330546008567,0.6612795559303729,0,ok,0.23467622902093677,0.20184041670635675,0.2705980538523635,0.24732401893899525,0.20505631958622966,0.28626581725586875,3.1770152457678726,2.733753725634685,3.6993241778040185,0,0.08726121780195017,0.06809937488940074,0.10768196297291903,0.08547159564283587,0.057594974734862414,0.10952237254541107,2.1866166319284486,1.871704455715261,2.548057624145828,0
velocity_pp,0.8,16,0.3791775643589386,0.3776549059799764,0.34775598215122233,0.41463918659335075,0.18343229864063237,0.17640107432228141,0.16348339164766315,0.20522429698342554,0.0425186407682433,0.03638297931320801,0.03372843010363863,0.05182918608143639,0.13975904388053292,0.17640107432228141,0.24478427736784725,16,0.18920386875675807,-0.22043734899835538,0.6604072640562668,0,0.13823529411764707,-0.4307549570326813,0.6957992685025817,0,ok,0.259852640178435,0.22421683848638693,0.2988907498758479,0.2747169438746828,0.2272627265980055,0.3158175402772277,3.1776895477876366,2.741427042266513,3.6968207295029445,0,0.10077961564079543,0.0792889936021529,0.12451411395720115,0.09658394424351281,0.06848383633450528,0.12549089213420925,2.2193145096208706,1.9005420033149176,2.5872872692048663,0
velocity_pp,0.9,16,0.41342880613264044,0.4113526484832365,0.3792547253669131,0.4514264321688431,0.20647031506024743,0.19736688844623285,0.18414812937201883,0.23108741013123912,0.04705367906119447,0.040314385345899956,0.03727093095574836,0.05738933144471405,0.1568177063917403,0.19736688844623285,0.2767935362138458,16,0.18036598021439446,-0.2236364015525896,0.656729852403193,0,0.13823529411764707,-0.4307549570326813,0.6957992685025817,0,ok,0.2830690608930667,0.24457991370867746,0.3245306708539236,0.29728012161200806,0.24846730962627522,0.34153362630913975,3.17144533669382,2.7388433917930457,3.684320048693801,0,0.11467871411112687,0.09047545712586702,0.14138413260810792,0.10922430908468235,0.07866210335533838,0.14219179811190713,2.2493377708347464,1.926249204081865,2.6284800868352454,0
velocity_pp,1.0,16,0.4454451876881967,0.4430534951065387,0.40902558563401636,0.4855338269892125,0.2299083762454542,0.21922426656068722,0.20500006936099727,0.25781855895317424,0.05152751813178518,0.0442258015182835,0.04081083977014367,0.06284039288020438,0.17414400240519043,0.21922426656068722,0.30955532565875626,16,0.1736867505466786,-0.22720306789115466,0.6527360952854264,0,0.17647058823529413,-0.38095238095238093,0.6800149253731342,0,ok,0.3044640811251573,0.263568280313615,0.3482931305005102,0.32002087529084877,0.26769060131257577,0.36591060673249726,3.159609103288013,2.733196389391106,3.659959381152406,0,0.12894196027475166,0.10200459795343332,0.15901034952342866,0.12293261168599948,0.08885086183793035,0.15971359592909454,2.277077719705994,1.950322352252699,2.658615690695455,0
velocity_pn,0.1,16,0.05675230185424557,0.05076052900734632,0.04968883523356463,0.06399099743654563,0.028131559325005072,0.026772630890182114,0.02491666073259093,0.03163775411591325,0.006740122132869791,0.006799443457757322,0.006148504446209696,0.007370068496863079,0.020815330302821962,0.026772630890182114,0.03529742739868515,16,0.10685406486403563,-0.38187827515390793,0.790303640244769,0,0.3205882352941177,-0.26365980432123926,0.7597956165120342,0,ok,0.035811729727494475,0.027656270855193746,0.0438775747117076,0.031508592347792394,0.02534031177733928,0.04999478524870213,2.7101600429410344,2.234909232674413,3.2863852182660067,0,0.013517440996418668,0.009958222979088055,0.017173849426631214,0.011801800096235795,0.0076327627300873235,0.017122043306230027,1.9249576808186544,1.6509869793205427,2.2409656539040212,0
velocity_pn,0.2,16,0.11010852425660725,0.09891554035777085,0.09619343457474387,0.12435046842818949,0.05171953838073072,0.04793079722907702,0.04586609482368461,0.05809784763452459,0.012130089370384801,0.012374215794223408,0.010998211488049912,0.013321296691017736,0.03819649147059826,0.04793079722907702,0.06689701708591361,16,0.09223703616681551,-0.37398415491521103,0.7397097815308739,0,0.25,-0.3173670542670248,0.6756215248075277,0,ok,0.07150808178281556,0.05608121243435883,0.0868679375612113,0.06484964206412627,0.05089862322744163,0.09904637980510916,2.852519743300015,2.3415486418665847,3.4520341892540416,0,0.02584296855388311,0.01929646020721395,0.032537106440539844,0.021809141637951945,0.015542225937783097,0.032788407654458035,1.9987014788594724,1.7180259729245477,2.325364851520038,0
velocity_pn,0.3,16,0.16049562013876248,0.14507135430152782,0.14048540161666243,0.1815421120058373,0.07384958615227569,0.0673155247163079,0.06520714973168608,0.08298574380772869,0.016933132680267915,0.01694548774137236,0.015296338524294828,0.018660447919129332,0.054280582708395045,0.0673155247163079,0.09813369779762396,16,0.09193280923007649,-0.35881608619995237,0.7044021724808356,0,0.21764705882352942,-0.3343829211520366,0.6667164179104474,0,ok,0.10596499172120424,0.08366607139454867,0.12803946080697187,0.0973100215353826,0.07618410971496707,0.14646800667547022,2.9432197059934255,2.424642338777643,3.558703591423241,0,0.03775345605028209,0.028157689285123223,0.04756847586888772,0.030467046976295736,0.023458303252565895,0.04821212800718186,2.045914228024044,1.7543807374695497,2.3858381560773343,0
velocity_pn,0.4,16,0.20805057821198286,0.18944732146341497,0.1821046634850426,0.2352621613770145,0.09553193132189372,0.08701854618331936,0.08416137643440026,0.10743698970105783,0.021384950841358566,0.02132700484633876,0.019266842027549524,0.023613460735507474,0.0695654331479279,0.08701854618331936,0.12986575753750967,16,0.0929674395052913,-0.3418423271893532,0.6847800668135531,0,0.17647058823529413,-0.3543513601013962,0.5982440917761762,0,ok,0.13885355774830468,0.11018617759143644,0.167133846398993,0.12950630714465225,0.10129589151436152,0.19083903744909775,3.006640702415641,2.4841106816443315,3.6301706152855022,0,0.049746757296929144,0.03711942605207277,0.06241002526469099,0.040964125860439266,0.03180553402270959,0.06439743789820306,2.0865254606175463,1.7805438511678289,2.436292163138188,0
velocity_pn,0.5,16,0.25288036730380564,0.23105015357622702,0.22163088192830357,0.28579764219940734,0.11722739668601258,0.10657482889109826,0.10275734815202356,0.13238417557849277,0.02558955021001989,0.025477342223899926,0.023027008925454263,0.028244007829880756,0.08481307360897714,0.10657482889109826,0.16246557485401686,16,0.09368795243529181,-0.3325850429447531,0.6684253089354525,0,0.15,-0.3840029761904762,0.5976451716537119,0,ok,0.17002473594654385,0.13583080526475164,0.20418120587029098,0.15946942232022288,0.12611275042468517,0.2309616413827579,3.0520601093898034,2.5336961409708194,3.6677536937046686,0,0.06204989100463614,0.04642972837535908,0.07787828027964967,0.052068997295299624,0.04024801409522519,0.08008561170293924,2.1245504891602827,1.8101871760991335,2.488311236444106,0
velocity_pn,0.6,16,0.2950934234640628,0.27048275796586757,0.25935510746500107,0.3329597530149002,0.13918351305271318,0.12622801993259777,0.12150172990947287,0.15761485997549898,0.029600781945463235,0.02945128679228131,0.026641505084654304,0.03265870219829485,0.09983794258120199,0.12622801993259777,0.19614427077743066,16,0.09427085812186223,-0.32538871015119225,0.6493639380976172,0,0.15,-0.3840029761904762,0.5976451716537119,0,ok,0.1994151793761178,0.15989031945993376,0.23883241421737303,0.18607978354970645,0.15062880110322333,0.26525518349667165,3.08422699723482,2.5703684652410663,3.6945678253555174,0,0.07478291428181127,0.05582619111402975,0.09445287610355413,0.0645197768098567,0.04931212313679816,0.09656052453966699,2.161214580439591,1.8364270945419914,2.542031012453352,0
velocity_pn,0.7,16,0.3348027025664046,0.30779118438863895,0.29503081776974477,0.37733702503938166,0.16156254512195717,0.1461354570922635,0.14049181380999648,0.18351346307089292,0.0334516741571774,0.03336559758463592,0.03011553415987744,0.036853530707231866,0.11476781966238614,0.1461354570922635,0.23106746885440693,16,0.0952261467849093,-0.31461588342269814,0.6365270417736085,0,0.1676470588235294,-0.3794314726045049,0.6274408622812291,0,ok,0.22700546528148047,0.18301837308640478,0.2712275970290579,0.2134188881030849,0.17259620756133154,0.2976611261612785,3.105856059014493,2.5886533508821374,3.713909745028934,0,0.08802471036218623,0.06567458555676654,0.11144378620166409,0.0757282424185287,0.058120547819335185,0.11405772434843497,2.1969989414257323,1.8606671002493942,2.5970328531667515,0
velocity_pn,0.8,16,0.3721220158143488,0.34178205180543514,0.32866443007682306,0.41871985786361876,0.1844946387581002,0.16638972428533172,0.15968105108790392,0.21062520890054479,0.03716578724938924,0.037274867141764464,0.03349853777188407,0.04091021343174208,0.12971946168338544,0.16638972428533172,0.26742086169491874,16,0.09707086452401678,-0.3064597410120035,0.6322341346416283,0,0.18823529411764706,-0.3523806084783457,0.6511572020690655,0,ok,0.2527970916338451,0.20499701300591908,0.30197697479521285,0.23884408970014154,0.19266526984178228,0.3250548024571545,3.118560672633969,2.600543707975227,3.7264607078581755,0,0.10184195575826327,0.07575291549552203,0.12959117186592717,0.08657259420656312,0.06741932109789535,0.1311896737152141,2.232167572327497,1.8870247000106104,2.6523214448947914,0
velocity_pn,0.9,16,0.40716195486788165,0.37206675499926845,0.3606897558116294,0.4576340347412512,0.20810267594683857,0.1870278826230446,0.17961634955694328,0.23851471564029372,0.04076184795584392,0.0410804712429787,0.036741745253353775,0.04484680256459327,0.14479678594141518,0.1870278826230446,0.30545537201797696,16,0.10021386798925705,-0.2944187164352136,0.6257418785534714,0,0.20294117647058824,-0.31834228807120374,0.6363636363636365,0,ok,0.2768022096283079,0.2252584669586064,0.33055558031322857,0.25799422812804,0.21254941045133802,0.3565587124707529,3.123371820952886,2.6095862521585427,3.7209673735708395,0,0.116311074997718,0.08634212250222285,0.1486342287826467,0.0988853032614941,0.0772242974918081,0.14991523932207504,2.2671211068885095,1.9084623418934237,2.700339644761334,0
velocity_pn,1.0,16,0.44002762535265627,0.40010628111232693,0.39055052186258693,0.4940360741604083,0.23251624398765136,0.208038348456413,0.1996747590295419,0.2675769314481041,0.04425572032041873,0.04480609010835235,0.039905236948920376,0.048610123323363626,0.16008759771083828,0.208038348456413,0.3455170099687229,16,0.10490522875926869,-0.2853104263727516,0.6184428778561676,0,0.20294117647058824,-0.31834228807120374,0.6363636363636365,0,ok,0.29904651878961686,0.2436726498500254,0.35658336598349266,0.277073661296637,0.23111119582844264,0.38127466129951026,3.121181526234502,2.618279471370511,3.712632647166223,0,0.1315498280169488,0.09725425889597705,0.16853524088105026,0.11174669358172526,0.08650155495585246,0.1692834365569625,2.302906780954973,1.930284143912978,2.7537177386195264,0
velocity_np,0.1,16,0.041482471356611886,0.032374453127249445,0.03231184645143255,0.05189825167528707,0.017524927735576436,0.015981273018269473,0.015214883710536637,0.020065091711560835,0.0038980275960767983,0.0032469237235117927,0.0032085398988090626,0.004712970681940534,0.012111810309654754,0.015981273018269473,0.02435281464858465,16,0.876881964144487,0.7232163696119808,0.9621276986216812,0,0.6588235294117647,0.11734339795679914,0.9183148251098189,0,ok,0.020541899229860792,0.010693350657426857,0.030884997088211803,0.013122516467695522,0.005212257481538328,0.03764006666713339,1.980961699877292,1.4905092414066576,2.5710678432027043,0,0.0029108094069900323,0.0002163955202615053,0.005722872373373891,0.001010442224323154,-0.0019022443838385876,0.006535072755890726,1.1991779005440413,1.0140470513977777,1.4131647816661896,0
velocity_np,0.2,16,0.07957047028330769,0.06244764721375547,0.06203399540171156,0.09956638487574722,0.0316789724889802,0.029353801168278355,0.027770404206602428,0.035930207581400773,0.006991805962115361,0.0058834399462311185,0.0057403893925768645,0.008455482006595644,0.02209982969704334,0.029353801168278355,0.04372881759875648,16,0.8545739417084349,0.6795958051264868,0.949209781254508,0,0.6911764705882353,0.18029728407144607,0.9285740819358947,0,ok,0.040970027809516,0.022112693323012123,0.060721545427898635,0.02838174892011089,0.011576998071679126,0.07437984370152376,2.0613875174444742,1.5479646655457457,2.6685042528314025,0,0.0058024026621325935,0.001182413285987867,0.010653989247719976,0.0032321455771532823,-0.0019831947345220163,0.011545016637561318,1.2242338416938265,1.043096456586341,1.4337279284574438,0
velocity_np,0.3,16,0.11515787156443796,0.09105003075821141,0.09001646964849104,0.1437471265477361,0.044343686890061185,0.04117797680912711,0.0390658957176815,0.050067306059457695,0.009710513878589136,0.008094065983261758,0.007951133213305721,0.011785667018196083,0.0310039297296762,0.04117797680912711,0.060702807999471836,16,0.8373421826202204,0.6429728806201963,0.9357706011051174,0,0.6529411764705882,0.1311940298507463,0.8857185757185756,0,ok,0.06062724314687973,0.03389653334452916,0.08920626093790403,0.043288697992066194,0.017810022718934917,0.1082735608351315,2.111801659108672,1.5832573936714667,2.7255920410950267,0,0.008247556788067587,0.001909745530015616,0.014877200616948109,0.0043294990691149435,-0.0015221607186399024,0.015417800287464058,1.228488670801086,1.048807593585454,1.429546649958211,0
velocity_np,0.4,16,0.14858080983417288,0.11848498088835911,0.11661844912367002,0.18496824180962407,0.0561454396408599,0.05301134007557101,0.049729258022890806,0.06328596301707683,0.012193246297382922,0.01011429438387906,0.00995849302836919,0.014844768697191226,0.039280477075137585,0.05301134007557101,0.07608442789573781,16,0.8181469991294632,0.5959040288260136,0.9309150123716682,0,0.638235294117647,0.11308015033650905,0.8601883516074087,0,ok,0.0793837893704947,0.04512920838518383,0.11548639697695394,0.05854396656959639,0.02515442496306655,0.14154522456270296,2.147213981737315,1.6138199504336261,2.7657394484211344,0,0.010360265615895321,0.002240991308003848,0.018492627470597964,0.0069569197526909154,1.3283561546112086e-05,0.018660579491807012,1.2262799221915448,1.0457131071539774,1.4268634285251456,0
velocity_np,0.5,16,0.1800401151607618,0.1448941828656285,0.14176078353733054,0.22328379512817384,0.06740621448574094,0.06481464580864352,0.05987092243253808,0.07567499991494947,0.014510841477884956,0.012151963144376447,0.011808839375313677,0.01772208238503251,0.04717253910248634,0.06481464580864352,0.0903078394399994,16,0.7955660785647819,0.5404542259412122,0.924177935670209,0,0.6441176470588236,0.1378900445765231,0.8660913523881564,0,ok,0.0971844838035,0.056084857281652176,0.14028282345636608,0.07331345160962435,0.031831692890359045,0.1716368361275643,2.172937580844134,1.6391258189953295,2.785051974625363,0,0.012228708804364503,0.0025668656924961236,0.021750253338398966,0.01030881421284488,0.0015494689192029972,0.02212663083658641,1.2216248932124518,1.0433580510168474,1.4226806567389807,0
velocity_np,0.6,16,0.20969248685828376,0.17035685867944217,0.16561892547384754,0.25879039823414146,0.07830298387142057,0.07566920530955551,0.06958655049696573,0.08755776930127765,0.01670265318908519,0.014102203301181265,0.013509910600082197,0.02048068093420496,0.0548172453208841,0.07566920530955551,0.10573058586581843,16,0.7697677246752098,0.4857649121277851,0.9189700774822317,0,0.6088235294117647,0.09331343283582089,0.8573820915161389,0,ok,0.11401424277033875,0.06672420914297036,0.16331000814780824,0.08595388426328103,0.040420706343721066,0.202360925401309,2.1916422992204976,1.6601149188898678,2.797132367190166,0,0.013902385100518666,0.002650751236324604,0.025116262368444796,0.013960962186814432,0.0027381017789308015,0.025260375806244517,1.215873537914995,1.0391813187180512,1.414186783741257,0
velocity_np,0.7,16,0.23767942315349394,0.1949258467877597,0.1888340252049308,0.2918107651012734,0.08893782498322216,0.08598698931613079,0.0789994998014263,0.09945888999017538,0.018791906601981476,0.01597811968668721,0.015123395863832125,0.023119807506418275,0.062293536436959535,0.08598698931613079,0.12063742775145504,16,0.7413738553440323,0.4186940587872224,0.9129720854643664,0,0.5882352941176471,0.06699435730531814,0.8746226363499637,0,ok,0.1298821858685698,0.07732766020761574,0.18440434804293931,0.10055355050220566,0.04837783215358855,0.2271179142252134,2.204874903475234,1.6773560812853232,2.801571544233967,0,0.015399990223451218,0.00252868657530643,0.028064341460198216,0.015579774642395988,0.003398178336407935,0.029015278155300802,1.2094158778778161,1.0318388809948447,1.4054000405349394,0
velocity_np,0.8,16,0.2641348956220658,0.21864193499737616,0.21076957667698767,0.3231987230356511,0.09937444138308782,0.09626868387373397,0.08826119307622601,0.11105254226452557,0.0207933861405352,0.01778731414607688,0.016673060686395607,0.025651398072296865,0.06964632452989364,0.09626868387373397,0.1352556200622974,16,0.7110425966277647,0.34609157523479467,0.9032218814735626,0,0.5441176470588235,0.00900699806949807,0.8648749797701893,0,ok,0.14480997144156219,0.08744848080786252,0.20424402833852848,0.11570397289208256,0.056454727569643724,0.25218393006755196,2.2135768988422497,1.6898195345365221,2.805554294213225,0,0.01672175838325088,0.0023090552016914547,0.030822628927477103,0.016451553794965365,0.003407843270065978,0.032992354961652974,1.2023135580884152,1.0255509882544638,1.4001857102943949,0
velocity_np,0.9,16,0.28918623519788605,0.24154029353731288,0.23182303970896062,0.35206875930555936,0.10965879198723594,0.1070990837615716,0.09739824060338312,0.12255424048325833,0.022717660400800217,0.019535561613817053,0.01816474705853286,0.028093362157813405,0.07690019476936986,0.1070990837615716,0.1498067805300041,16,0.6793432613664648,0.2752745925972967,0.8889232117171466,0,0.5058823529411764,-0.009248905496221519,0.8390521875665319,0,ok,0.15882648995831233,0.09703497879367644,0.2227074994079632,0.12746776666608445,0.06096180532911041,0.2762053397578423,2.218370668540528,1.70030820051164,2.7989964912140115,0,0.017867191038115376,0.0019371902472034527,0.03365511582329674,0.0189565044000211,0.003152910633292339,0.03529129538674538,1.1946495197095324,1.0194520991171063,1.3891815485272088,0
velocity_np,1.0,16,0.3129533628593053,0.26365369967110597,0.25232498467863895,0.37934382170783704,0.11982962631125377,0.11634827831584926,0.10642700025229308,0.13391375995722235,0.02457326162118871,0.021228643193517815,0.01954599743782678,0.030504927590091498,0.08406772185601201,0.11634827831584926,0.1643722861629548,16,0.6467627922997283,0.20834297732206009,0.8782873582681707,0,0.47941176470588237,-0.042074698016402054,0.8296217325541878,0,ok,0.17197225629626592,0.10612398869115132,0.23953753418030296,0.14062107985541603,0.06760308498730593,0.297789649700994,2.219824843830183,1.7124027270820124,2.79097701285348,0,0.018863210340551217,0.0014567659627856917,0.036252084783631386,0.02005662344116152,0.0023483084927827815,0.039236570561102566,1.186826581484528,1.013281635802863,1.3836459428148005,0
velocity_nn,0.1,16,0.05384913264320862,0.05297873603550085,0.044989739578783466,0.06283294919294022,0.0245252307397512,0.02448680198552233,0.022318022709050502,0.026460460997839122,0.005541989899757547,0.005280043931410677,0.004760827936194141,0.006339455154205345,0.01952985053683922,0.02448680198552233,0.03010663640111524,16,0.6717515334083499,0.2682728529404696,0.8869935217956156,0,0.6176470588235294,0.09252403142657753,0.8738738738738738,0,ok,0.032908560516457526,0.023085621330572566,0.04251605899055583,0.03372679937594693,0.022605591362088798,0.042586863135811434,2.571521557160208,2.0371052298130357,3.1513378709859867,0,0.009911112411164796,0.0073411524568999815,0.012263840643495975,0.00951597119157601,0.00515655224597103,0.013484053305208103,1.6781875025452513,1.4781039966299159,1.8986652644080417,0
velocity_nn,0.2,16,0.10330211135278122,0.10183962400089629,0.08648131136850394,0.12027553135464086,0.04369774226312441,0.04437862189886664,0.040224477304407556,0.04688999922417765,0.009819255344042068,0.009194278106275532,0.0083393401235379,0.01138099419142561,0.035677993101651394,0.04437862189886664,0.05134426728230873,16,0.6632689480025538,0.24215526701424256,0.8673562463713114,0,0.5794117647058824,0.060051095871991395,0.8336246896993531,0,ok,0.06470166887898954,0.04619034156461906,0.08253757326232762,0.06777372570725171,0.0455383328506258,0.08338223322300443,2.6761898240653497,2.123599830722196,3.2681826601660133,0,0.0178211724362768,0.013486195460810375,0.021747815899559667,0.018256966307741568,0.011275357525810277,0.023572681858857608,1.6886991805918137,1.4928807368611938,1.9037540819654275,0
velocity_nn,0.3,16,0.1490487430557511,0.14629184662328953,0.12556459321467273,0.1729975997031289,0.06085392664014895,0.06190857227936316,0.05617000484557124,0.06522099571327042,0.013572644984004328,0.012591849297583238,0.01140225575693083,0.01588405939597896,0.0502566835385438,0.06190857227936316,0.06854545725914205,16,0.6509679662300437,0.2123876799992374,0.8679575413736318,0,0.6235294117647059,0.1071906810671753,0.8774335720500634,0,ok,0.09451811463819287,0.06868732315909222,0.11948862118864778,0.09853051385714431,0.06824991190690827,0.12270357795851312,2.7333032349166753,2.1835866383252722,3.3268337620369164,0,0.024757796538155352,0.018927894568911436,0.030419708502410367,0.025060094539350992,0.017159135862934674,0.03193353220661653,1.6858850649141464,1.4952012244680104,1.9014183164828968,0
velocity_nn,0.4,16,0.19133621154565209,0.1868363699467364,0.161993408162933,0.22131630203371888,0.0769721547299756,0.07809907946502839,0.07125118826548837,0.08262657729381172,0.017006233379992762,0.015669458885756514,0.01419879962823251,0.020040118868861704,0.06410106730730036,0.07809907946502839,0.08477783242026417,16,0.6172506115101489,0.13511110868311335,0.8631365717495624,0,0.6470588235294118,0.12517342706970352,0.8860569715142429,0,ok,0.12213919108197391,0.08994563844337192,0.15361079258671811,0.1268953556279737,0.09071185341040511,0.15898279107054786,2.7650932115796127,2.23304944108598,3.3560030006144066,0,0.031186980705011018,0.023792272032471567,0.03825595862911066,0.032044659142148296,0.023622056789731602,0.03924497748022887,1.6811589421502728,1.489542486858272,1.8998195748408078,0
velocity_nn,0.5,16,0.23038109962027686,0.22392654229674885,0.19617892031151002,0.2655675785038603,0.09249859638958277,0.094643746022252,0.08565077574788232,0.09956141526157221,0.020213170516154927,0.01851607057752157,0.01676627995787332,0.023962492160423635,0.07745552448203383,0.094643746022252,0.10084483041064847,16,0.5702483451301238,0.021743893742898618,0.8498809170494603,0,0.6235294117647059,0.09780805361753557,0.8716417910447762,0,ok,0.14752546826301507,0.11009323191865047,0.18322341757478106,0.1523458110407447,0.11314646268269808,0.19289911925811573,2.780512269913267,2.2593902733277242,3.3610456693587025,0,0.037321090708206335,0.028404600906653595,0.046068047598870406,0.04013791442645337,0.03039963514534505,0.0460171258320717,1.6763823454383329,1.4850286528971266,1.899467396657266,0
velocity_nn,0.6,16,0.2664109324273645,0.2596055933790231,0.22791738560681285,0.30601285227692,0.107657192541348,0.11031715180294155,0.09966473551888495,0.11617691566424133,0.023242050454425484,0.021181072676770902,0.019186787056519505,0.027680063684867747,0.09040090956746757,0.11031715180294155,0.11695803902430249,16,0.5190365398114759,-0.0787408428814604,0.8326360632992558,0,0.38235294117647056,-0.164739077400754,0.7738589045483661,0,ok,0.1707326883394195,0.12918553306196295,0.21097952608487397,0.175202618962862,0.1338624834973211,0.2220216126155395,2.7844462967201444,2.274422680733141,3.3452329107796297,0,0.043256593770446106,0.032814105607241385,0.05367235419274836,0.04860890868020047,0.0370924747101151,0.053140682288233064,1.6716799936026483,1.4791920873298636,1.900685853024574,0
velocity_nn,0.7,16,0.29966757208238803,0.2925071924646473,0.2577198863208397,0.34265105623336123,0.12257222583760295,0.12443434696796983,0.1134938196922673,0.1326178199343086,0.02612142210474455,0.02381442915203743,0.02148136767709209,0.031237366064714667,0.1027785084344018,0.12443434696796983,0.13395540579888393,16,0.4691439757650488,-0.20229980276390128,0.8161373465560577,0,0.2647058823529412,-0.3015411730584745,0.7104576515015285,0,ok,0.1918703347974639,0.14620461649004524,0.23525597527207986,0.19813489617909325,0.15136565870889562,0.24776399754268197,2.7799188516336657,2.2803460513436127,3.323424040486208,0,0.049034391077832015,0.03691623677380781,0.06113648127299341,0.05402713229423503,0.0428707550166369,0.06017041065692764,1.6667913358887254,1.4723789586707796,1.9008296229076511,0
velocity_nn,0.8,16,0.3304007815400715,0.32282368017945323,0.2854282938567201,0.3755059426001853,0.13732315851301033,0.13664091007093848,0.12683941728916875,0.14939303233301704,0.028870281181641942,0.026571398778783298,0.023729738762167225,0.03454746448837866,0.11503056261718211,0.13664091007093848,0.15079851422976542,16,0.42342021446203154,-0.3208606940420995,0.7921127488228685,0,0.22941176470588234,-0.34229910714285716,0.694869128744259,0,ok,0.21107585735956788,0.16208262420803704,0.25742468920885087,0.21988571807415963,0.16869944329560863,0.27431578287692426,2.7689167523816898,2.280757211605379,3.2958486301771335,0,0.05467047551317339,0.041032372756989406,0.06864198709515842,0.05682377999216988,0.04807125935515901,0.06773899668704234,1.6614482861165105,1.463891961271471,1.9008739632658445,0
velocity_nn,0.9,16,0.3588594298018968,0.3507726292738659,0.3113991143844025,0.40603559055211985,0.15197037484605896,0.14914523231761792,0.14012389838963113,0.16586460213660278,0.031502840156265983,0.029293376934273016,0.025788423159888465,0.037775643996723535,0.12722037485334,0.14914523231761792,0.1675256819443903,16,0.3833019770802588,-0.4133546221600058,0.7737634690285718,0,0.1264705882352941,-0.4621443898463849,0.6176421273430052,0,ok,0.22849968456232306,0.17700242204231373,0.2761633036565948,0.23670010240263745,0.1845621773694977,0.29591063022968195,2.752839299757673,2.276802017670549,3.2618164389274367,0,0.0601787738969384,0.04492106412528897,0.07596598682479967,0.061002652956067424,0.05272026757925216,0.0748988831196416,1.65560218227695,1.454344878657917,1.8976983975780664,0
velocity_nn,1.0,16,0.3852833502829227,0.3765821318279083,0.33589502214116795,0.43394135731474975,0.16656711099074334,0.16307419169264736,0.15333146519522367,0.18226107946900674,0.034030712316298006,0.031989654915526335,0.027833495937663336,0.040919179411580756,0.13940371344500602,0.16307419169264736,0.18428959056872612,16,0.34952888230872603,-0.49510504292069657,0.7549913652036879,0,0.026470588235294117,-0.573224748092622,0.5327554526639778,0,ok,0.24430224371988332,0.19093399563555105,0.29407748693486424,0.2535495120122183,0.20007173794960678,0.3205667463726666,2.7328722243405297,2.27084012652499,3.216816205616666,0,0.06560069502004079,0.04845916937344271,0.08357766166472771,0.06678253681795962,0.05607435702988498,0.08274410030298954,1.649727876238334,1.4478830807430363,1.8953779998459102,0
high_velocity,0.1,64,0.05287395633599512,0.05136551254979348,0.04885878041597918,0.056910729968372376,0.02434262321726917,0.024081017259390186,0.023034483084160763,0.025672691181590462,0.0058081977087573325,0.005554752030817744,0.005370045973509958,0.006277922506948568,0.01494990149539523,0.024081017259390186,0.032511717699181736,64,0.5713819657778998,0.3446996518356919,0.7649143270333806,0,0.6392399267399266,0.4550154685245635,0.7746890552509164,0,ok,0.03193338420924403,0.027036145839879143,0.036713045011747686,0.032113575890239554,0.026274695586375324,0.04050223223659228,2.52495280529847,2.175619931411744,2.9551513998352927,0,0.009728504888682765,0.007823075778064965,0.011654361813730169,0.009110186465443867,0.005766908200945703,0.012351234539823083,1.6656922210389538,1.5021479756137588,1.8599826112609836,0
high_velocity,0.2,64,0.10197044355233931,0.10033890985634712,0.09441027199205905,0.1097166315249132,0.04441854259045906,0.043483850397825013,0.04207590896291552,0.04688117769671584,0.010471211005056456,0.010250101126433264,0.00963849416956149,0.01135933328722638,0.02754207058014881,0.043483850397825013,0.060805806804567125,64,0.5467393682929564,0.33584518867056856,0.7330191685299609,0,0.6011446886446885,0.4008980325245231,0.7391025972300415,0,ok,0.06337000107854762,0.05413112121457523,0.07234724095827132,0.06627301156270254,0.05254251813498455,0.07938873058493648,2.641691053711977,2.2818373938952106,3.086975059556324,0,0.018541972763611452,0.015097370881789892,0.02200482747894133,0.01736219480669994,0.012185368148346854,0.022423379983891926,1.7165545081007483,1.5439982419322507,1.9193725259693004,0
high_velocity,0.3,64,0.14789429766625756,0.1462924001485344,0.13706412225275735,0.1589735190579349,0.06296707304233215,0.06190857227936316,0.05963674204481408,0.06651789343770116,0.014643363243279951,0.014585138031309163,0.013432530490672178,0.01593119273790919,0.03891366759709612,0.06190857227936316,0.08770832939855142,64,0.531580567896985,0.3337201541991427,0.7123453223943069,0,0.5848443223443223,0.37687560334322084,0.7254872088810099,0,ok,0.09336366924869932,0.08027359229674905,0.10594155533620012,0.09853106738238918,0.0782886295364234,0.11533825599105833,2.7121326483491854,2.342924013168172,3.163794839787338,0,0.026870942940338552,0.02191081150166288,0.03173517291459274,0.025060094539350992,0.018764136309243916,0.030997509424652226,1.744427252018755,1.5641049775047595,1.951707178508898,0
high_velocity,0.4,64,0.1908598086712437,0.19134272893905818,0.17715981433610073,0.20495217047489095,0.08083517927812367,0.07864696209597274,0.07638120718182378,0.0854689871786678,0.018518423583841006,0.018715380119423947,0.01692366552131916,0.02019566353694805,0.04936188552102168,0.07864696209597274,0.1142547221509609,64,0.5175377337694385,0.32769279464229223,0.6949756270005233,0,0.5768315018315018,0.3724325902363139,0.7185600426134426,0,ok,0.12166278820756551,0.10500376435447466,0.13755905897960105,0.13140171462029546,0.10337765145510007,0.14920945593298515,2.758208480543275,2.390948009215681,3.212994599044582,0,0.03505000525315909,0.028594332252976293,0.04145197870762403,0.03259254177309265,0.026208576404989414,0.039234367957609685,1.7655317687347418,1.5780049936839007,1.9789694942896718,0
high_velocity,0.5,64,0.23103130978525804,0.2323980158973673,0.2148075122645926,0.2480044115800166,0.0984161009804711,0.09488700303152339,0.092827613810352,0.1042027778481963,0.022185715525914373,0.022581973224166114,0.020237483932223098,0.02422663483963397,0.06073568878217975,0.09488700303152339,0.14085151187814782,64,0.5046188404418855,0.3200393257418549,0.6809729656982094,0,0.5733974358974357,0.36810564066740536,0.7193827869522508,0,ok,0.14817567842799625,0.12805152623939423,0.16705291980539905,0.16081728464136316,0.1274646372355292,0.1813006110517738,2.788359777129495,2.4184850085727003,3.2452405215844964,0,0.04323859529909466,0.03524800439002637,0.051210204845259316,0.040381171435724755,0.03437591968082779,0.046830860276043024,1.7836272184679163,1.5938425930669706,2.004013563059509,0
high_velocity,0.6,64,0.2685725806973659,0.2705590731111075,0.24980934333657784,0.2880679255277144,0.1159178382759353,0.11095002958365481,0.1090698306661422,0.1228422104759001,0.025693046889909026,0.02627346331545958,0.023404880614967018,0.028079744301688105,0.0720863839886881,0.11095002958365481,0.16774767914438063,64,0.4932275138522228,0.3114568579871928,0.6696705696331023,0,0.550091575091575,0.34251921510992284,0.7041613342112015,0,ok,0.17289433660942088,0.1501315580786249,0.19481741051341753,0.18615609869494637,0.15062649502961842,0.21229455422265647,2.8070391890814888,2.433575753372041,3.260315872691234,0,0.051517239505033396,0.0419571649122487,0.06104425887197933,0.04924178646091373,0.042433770427132256,0.05437860331373661,1.7999496974911733,1.604840299032523,2.0278281205774964,0
high_velocity,0.7,64,0.3036557910270369,0.30779118438863895,0.2829101634971287,0.3254726088652213,0.13346791212612585,0.12675842742065502,0.12538258807271038,0.14165995751737864,0.0290699856080125,0.02961931863285495,0.026463268505652338,0.0318042252514675,0.08296287085462269,0.12675842742065502,0.195134491636358,64,0.48352545458185786,0.3019079151159872,0.6603486063488214,0,0.5288919413919413,0.3195073053882619,0.6888010838598889,0,ok,0.19585855374211275,0.17051202581839853,0.22017762653699174,0.2134188881030849,0.1722733650764084,0.2413391854892461,2.8169162649728166,2.445847240821173,3.26395344358972,0,0.05993007736635492,0.04891523139603333,0.07103654406851131,0.05635121274692022,0.0488617537018822,0.06279376632546495,1.8149556967801808,1.6150820017423713,2.048236351787323,0
high_velocity,0.8,64,0.3364588143338562,0.34178205180543514,0.3141300505462564,0.3598588267020643,0.1511561343237077,0.14253806964999255,0.14196151225895556,0.16063926798613043,0.03233702383495242,0.03270577099474874,0.029432220717646004,0.03545639102325648,0.09326905124528345,0.14253806964999255,0.22318963473337913,64,0.47551449459001727,0.296211214675011,0.651934388068205,0,0.5125,0.302936825355672,0.6836655683980195,0,ok,0.21713389015335258,0.18936989836153775,0.24377498536568548,0.23884408970014154,0.19203520377001476,0.2680593450054831,2.8196859679113864,2.4497390181259755,3.2642904067762917,0,0.06850345132387076,0.055847128008004086,0.08126331730249044,0.06272093957122395,0.055262397363279245,0.0720905889411025,1.8288109815383236,1.626226548939837,2.066495747605577,0
high_velocity,0.9,64,0.3671591065000762,0.37163652014574866,0.3433746494365645,0.39202846633827676,0.1690505394600952,0.159130600184967,0.15859693672215128,0.1798661890600547,0.03550900689352615,0.03561506550372352,0.0323351526447532,0.03894347488150808,0.10234058962797474,0.159130600184967,0.25207582608120654,64,0.46911672814154476,0.2893613534387042,0.6462880270540999,0,0.4976190476190475,0.2808410509979371,0.6715777879200551,0,ok,0.2367993612605025,0.20694817578842187,0.2653332283569122,0.25756399327452023,0.21176731298368062,0.29283750984440604,2.8165067814862264,2.4485892876917115,3.2504987358545727,0,0.07725893851097465,0.06309573890371571,0.09205231908988283,0.0709880208234165,0.06087978086416892,0.08148714964419072,1.8416776449274344,1.634751571634639,2.0847347499060542,0
high_velocity,1.0,64,0.39592738154577023,0.39878102568021934,0.3706523293541827,0.4225035886698412,0.18720533938377565,0.17506973109992757,0.17538504114617737,0.19958795559602185,0.03859680309742266,0.03843221419546432,0.035131880180658305,0.04237923817300414,0.11096470455838774,0.17506973109992757,0.2828457215105305,64,0.46421109184184733,0.2849365780896665,0.6418429511479468,0,0.4951923076923076,0.2735626781490165,0.6740112879570296,0,ok,0.2549462749827308,0.22348284181578035,0.2852589453273007,0.2757484058645294,0.22876093606902362,0.3187111104128694,2.808371924423307,2.448459993920248,3.2292498089328845,0,0.0862389234130731,0.0702522596274526,0.10291380720350915,0.07877807622523983,0.06688639654654185,0.09138042376871185,1.854134739595957,1.642020522879228,2.099221348677447,0
