dataset,time,target_time,delta_steps,n_trajectories,pearson,pearson_ci95,pearson_invalid_bootstraps,spearman,spearman_ci95,spearman_invalid_bootstraps,status
fresh_id,0.1,0.2,1,64,0.7935834307517634,"[0.7186020750962944, 0.8693924546483198]",0,0.8524725274725273,"[0.7562785490978344, 0.9072724122377066]",0,ok
fresh_id,0.2,0.30000000000000004,1,64,0.7551630648975416,"[0.6537137991213857, 0.8503197695916171]",0,0.8327838827838826,"[0.7160243299049492, 0.8992227960570827]",0,ok
fresh_id,0.30000000000000004,0.4,1,64,0.7345144513644796,"[0.6148957884910857, 0.8412081638071179]",0,0.8258241758241757,"[0.6956617481557789, 0.90056991106153]",0,ok
fresh_id,0.4,0.5,1,64,0.7243223103682878,"[0.5953002693533245, 0.838438150071263]",0,0.8229853479853478,"[0.6984194985460919, 0.8971936215450949]",0,ok
fresh_id,0.5,0.6000000000000001,1,64,0.7207914624392744,"[0.584008741712292, 0.8389402895698232]",0,0.803617216117216,"[0.6676539087275766, 0.886517077248071]",0,ok
fresh_id,0.6000000000000001,0.7000000000000001,1,64,0.721503981630805,"[0.5787084402890667, 0.8404372662266216]",0,0.796153846153846,"[0.654726107677355, 0.8812675775774698]",0,ok
fresh_id,0.7000000000000001,0.8,1,64,0.724898651399847,"[0.5794396412852072, 0.8441741976381465]",0,0.7829670329670328,"[0.6332411505735591, 0.8774049675124184]",0,ok
fresh_id,0.8,0.9,1,64,0.7299225032681311,"[0.5791720512052927, 0.8480812750875392]",0,0.7846153846153845,"[0.6351466570648925, 0.8794917466930359]",0,ok
fresh_id,0.9,1.0,1,64,0.7357450379644971,"[0.579718271356382, 0.8509812925416701]",0,0.7852564102564101,"[0.6403645944809958, 0.8770131868775034]",0,ok
fresh_id,0.1,0.30000000000000004,2,64,0.8044104487690624,"[0.730957314087902, 0.8736632293369737]",0,0.8524267399267398,"[0.7574281900617659, 0.9065482372799175]",0,ok
fresh_id,0.2,0.4,2,64,0.7669539040310253,"[0.6676663612752747, 0.8559615259646222]",0,0.8383699633699633,"[0.724243232990625, 0.9041159619571444]",0,ok
fresh_id,0.30000000000000004,0.5,2,64,0.7460080845664684,"[0.6305388352008792, 0.8459240517850619]",0,0.8305860805860804,"[0.7056260038584916, 0.9010224844936562]",0,ok
fresh_id,0.4,0.6000000000000001,2,64,0.7351779736445732,"[0.6102798320517855, 0.8433659728144118]",0,0.8182234432234431,"[0.6897167041433943, 0.8952393832444968]",0,ok
fresh_id,0.5,0.7000000000000001,2,64,0.7308780231139103,"[0.5984154768799641, 0.8448186615567412]",0,0.8051739926739926,"[0.667673738188473, 0.8859290797331493]",0,ok
fresh_id,0.6000000000000001,0.8,2,64,0.7307687220665946,"[0.5915274881188407, 0.8459141543965313]",0,0.7968864468864467,"[0.657418772577811, 0.8840101456733518]",0,ok
fresh_id,0.7000000000000001,0.9,2,64,0.7333053351779395,"[0.5904797139456621, 0.848244829882682]",0,0.78768315018315,"[0.6384120427059407, 0.88073944819751]",0,ok
fresh_id,0.8,1.0,2,64,0.737381248877755,"[0.5888017351770247, 0.851332627018331]",0,0.7882326007326006,"[0.6426412268029904, 0.8815426482878281]",0,ok
historical_id,0.1,0.2,1,8,0.7991242613858411,"[0.4976737512754635, 0.9565582911954352]",0,0.8333333333333334,"[0.3424657534246575, 1.0]",0,ok
historical_id,0.2,0.30000000000000004,1,8,0.7663029933340711,"[0.4564065142156569, 0.9482498015029648]",0,0.8809523809523809,"[0.3924050632911392, 1.0]",0,ok
historical_id,0.30000000000000004,0.4,1,8,0.7370103404281882,"[0.41922700367299903, 0.9434086381839433]",0,0.8095238095238095,"[0.2839506172839506, 1.0]",0,ok
historical_id,0.4,0.5,1,8,0.7122958235858491,"[0.3709011818685455, 0.9399062793256975]",0,0.8095238095238095,"[0.2839506172839506, 1.0]",0,ok
historical_id,0.5,0.6000000000000001,1,8,0.6919906082953085,"[0.33167295778603867, 0.9351095311384877]",0,0.8095238095238095,"[0.2839506172839506, 1.0]",0,ok
historical_id,0.6000000000000001,0.7000000000000001,1,8,0.6753534470565628,"[0.2828287239307323, 0.9280701585457717]",0,0.7619047619047619,"[0.2161905576462539, 1.0]",0,ok
historical_id,0.7000000000000001,0.8,1,8,0.661542496853573,"[0.2393480604916096, 0.92512119555197]",0,0.6666666666666666,"[0.08860759493670886, 1.0]",0,ok
historical_id,0.8,0.9,1,8,0.6498169173282751,"[0.18723485142876883, 0.9246128926536056]",0,0.5238095238095238,"[-0.20012820512820514, 1.0]",0,ok
historical_id,0.9,1.0,1,8,0.6396036572135307,"[0.1482767192451695, 0.9227334198043579]",0,0.5238095238095238,"[-0.20012820512820514, 1.0]",0,ok
historical_id,0.1,0.30000000000000004,2,8,0.7736473824541953,"[0.48933426310221473, 0.9494481802949295]",0,0.8809523809523809,"[0.3924050632911392, 1.0]",0,ok
historical_id,0.2,0.4,2,8,0.7410322427054498,"[0.4406134959376924, 0.9423411342737]",0,0.8809523809523809,"[0.3924050632911392, 1.0]",0,ok
historical_id,0.30000000000000004,0.5,2,8,0.7134862433215147,"[0.3877385802750204, 0.9382209099624909]",0,0.8095238095238095,"[0.2839506172839506, 1.0]",0,ok
historical_id,0.4,0.6000000000000001,2,8,0.6913620511338213,"[0.33624017955768465, 0.9314395093112756]",0,0.8095238095238095,"[0.2839506172839506, 1.0]",0,ok
historical_id,0.5,0.7000000000000001,2,8,0.673763403850624,"[0.2756989195185998, 0.9259501682743317]",0,0.7619047619047619,"[0.2161905576462539, 1.0]",0,ok
historical_id,0.6000000000000001,0.8,2,8,0.6596011876839438,"[0.2284222983307001, 0.9236436224698705]",0,0.6666666666666666,"[0.08860759493670886, 1.0]",0,ok
historical_id,0.7000000000000001,0.9,2,8,0.6479172515050801,"[0.18699046605881714, 0.9226705862850424]",0,0.5238095238095238,"[-0.20012820512820514, 1.0]",0,ok
historical_id,0.8,1.0,2,8,0.6379742810717438,"[0.1527128020620289, 0.9220368186472109]",0,0.5238095238095238,"[-0.20012820512820514, 1.0]",0,ok
