time,nominal,n_trajectories,covered_fields,simultaneous_coverage,coverage_error,coverage_ci95_low,coverage_ci95_high,mean_mean_physical_width,median_mean_physical_width,mean_rms_physical_width,median_rms_physical_width,mean_W_rel,median_W_rel,mean_pointwise_fraction_secondary,median_pointwise_fraction_secondary
0.1,0.5,256,127,0.49609375,-0.00390625,0.43535888592634564,0.5569441129519814,0.0721830884140226,0.06646937778301759,0.08644565359027079,0.07961261823235115,0.32209030272321143,0.31796090094837026,0.999354362487793,0.999755859375
0.1,0.7,256,182,0.7109375,0.010937500000000044,0.6526113609415182,0.7630266996288174,0.10286810258463332,0.0947254948874133,0.12319368091476889,0.11345592380840552,0.4590108158299637,0.45312600631681177,0.9998397827148438,1.0
0.1,0.8,256,206,0.8046875,0.004687499999999956,0.7517702074567393,0.8485958800337453,0.11930533590713563,0.10986162573781849,0.14287872638732388,0.13158497882742354,0.5323558828408168,0.5255307430931633,0.9999151229858398,1.0
0.1,0.9,256,232,0.90625,0.006249999999999978,0.8642979648370562,0.9361901518169232,0.15317579122390762,0.14105103782310102,0.1834416021465941,0.16894159085022303,0.6834902474966911,0.6747274694271977,0.9999685287475586,1.0
0.1,0.95,256,244,0.953125,0.0031250000000000444,0.9198669811156821,0.9729851489983719,0.1817565494596724,0.16736946306976985,0.2176695962665608,0.20046405745852405,0.8110212976980298,0.8006234907543475,0.9999847412109375,1.0
0.2,0.5,256,128,0.5,0.0,0.43920555858906296,0.560794441410937,0.12216330166929246,0.11055205158075151,0.1546474205151144,0.13861826530729934,0.5768223031543218,0.571557357777519,0.9992275238037109,0.9998779296875
0.2,0.7,256,183,0.71484375,0.014843750000000044,0.6566796990946451,0.7666553625973633,0.16532127931083723,0.14960799477443726,0.209281421280596,0.18758946953225797,0.7806026833708807,0.7734777326426252,0.9997768402099609,1.0
0.2,0.8,256,214,0.8359375,0.035937499999999956,0.7856696977134597,0.8762723987504079,0.20089666015180116,0.18180204392007954,0.25431655708423817,0.22795672804963749,0.9485800778246449,0.9399219134853685,0.9999027252197266,1.0
0.2,0.9,256,238,0.9296875,0.029687499999999978,0.8916056708459877,0.9550644525380291,0.26714472934230493,0.24175343572266966,0.3381804742706994,0.3031281772955439,1.2613856694207237,1.2498723721500298,0.999969482421875,1.0
0.2,0.95,256,245,0.95703125,0.007031250000000044,0.9247089445363345,0.9758401866993923,0.314746212682874,0.28483054291999155,0.3984395415251219,0.3571414116839413,1.4861470902310374,1.4725822831679727,0.9999847412109375,1.0
0.30000000000000004,0.5,256,128,0.5,0.0,0.43920555858906296,0.560794441410937,0.15343869357127007,0.13614193903425553,0.20250979603960617,0.18121826361528243,0.758195884404787,0.7405427269532454,0.9988260269165039,0.9998779296875
0.30000000000000004,0.7,256,176,0.6875,-0.012499999999999956,0.62830194262617,0.7411541112141282,0.20269636922508477,0.17984692191535595,0.2675205284557146,0.23939387919143357,1.0015958123292323,0.9782755478150912,0.9995718002319336,1.0
0.30000000000000004,0.8,256,209,0.81640625,0.016406249999999956,0.7644232596319748,0.8590338312235285,0.24887803490540072,0.22082264562112125,0.32847151467710134,0.2939365833207612,1.2297960663773386,1.2011625904648588,0.9997997283935547,1.0
0.30000000000000004,0.9,256,231,0.90234375,0.002343749999999978,0.8598151377544601,0.9329759777778466,0.3381386214515488,0.3000211127671095,0.44627845603664806,0.39935750503671186,1.6708647941126398,1.6319618669174285,0.9999237060546875,1.0
0.30000000000000004,0.95,256,250,0.9765625,0.026562500000000044,0.9498190043999489,0.9892151324441424,0.47147182456003045,0.41832400225570815,0.6222528412347617,0.5568302453684046,2.32971220410054,2.2754692608167586,0.9999856948852539,1.0
0.4,0.5,256,119,0.46484375,-0.03515625,0.40471729179186083,0.5260096981130833,0.18091884454510812,0.15881913753301116,0.246526737200094,0.21882531983819806,0.9280034724843862,0.9040166022880451,0.99859619140625,0.999755859375
0.4,0.7,256,180,0.703125,0.0031250000000000444,0.6444892736219288,0.755754784705061,0.2523395593055092,0.22151562638555847,0.34384725581522557,0.30521024447008643,1.2943482359147316,1.2608921508414381,0.9995317459106445,1.0
0.4,0.8,256,202,0.7890625,-0.010937500000000044,0.7350001877603729,0.8345778952434202,0.30515000392800523,0.2678751379597575,0.4158087291244591,0.3690856382377812,1.5652336492963186,1.52477576580144,0.9997568130493164,1.0
0.4,0.9,256,225,0.87890625,-0.021093750000000022,0.8332442794764336,0.9133648293258356,0.4053621315037618,0.3558460937324799,0.5523614962021374,0.49029440962678783,2.079260823243716,2.0255164559538366,0.9998950958251953,1.0
0.4,0.95,256,240,0.9375,-0.012499999999999956,0.9008977667558741,0.9611663588714884,0.5377757618766632,0.4720850550541449,0.7327932270078894,0.6504516065740782,2.758462092184382,2.687161850204019,0.9999542236328125,1.0
0.5,0.5,256,117,0.45703125,-0.04296875,0.3970936285540288,0.5182393591075696,0.20721354221028182,0.17987460142176856,0.2893441898571689,0.2576871099510308,1.0961986908197514,1.0550987178998716,0.9983930587768555,0.999755859375
0.5,0.7,256,177,0.69140625,-0.008593749999999956,0.6323417974638745,0.7448112574980965,0.2758746878296764,0.23947686520102165,0.38521969751944307,0.34307290082098074,1.459429091378147,1.404710456301808,0.9994077682495117,1.0
0.5,0.8,256,211,0.82421875,0.024218749999999956,0.7728971415203975,0.8659539515784515,0.3551287924534243,0.3082744945845728,0.49588676324597936,0.4416319088588099,1.8786982414729767,1.8082598734145154,0.9997282028198242,1.0
0.5,0.9,256,234,0.9140625,0.014062499999999978,0.8733176979335919,0.9425644209637334,0.520289922548526,0.45164491395647405,0.7265107508170504,0.6470233800748314,2.7524317467900703,2.649234332667734,0.9999189376831055,1.0
0.5,0.95,256,246,0.9609375,0.010937500000000044,0.9296001682001327,0.9786459641572671,0.6689065805475329,0.5806536738910852,0.9340327402069358,0.8318404373088668,3.538641876662724,3.405966945993696,0.9999599456787109,1.0
0.6000000000000001,0.5,256,129,0.50390625,0.00390625,0.4430558870480185,0.5646411140736542,0.24238992286744157,0.20822492559947103,0.34484135667722826,0.30591417588714087,1.3156592213085405,1.2573036917498626,0.9984722137451172,1.0
0.6000000000000001,0.7,256,192,0.75,0.050000000000000044,0.6935249374688035,0.7990831343182607,0.33393746299974647,0.28686878796535287,0.4750834788175604,0.4214540051125695,1.8125666997149346,1.7321710410905915,0.9995031356811523,1.0
0.6000000000000001,0.8,256,220,0.859375,0.059374999999999956,0.811460987116636,0.896663116077269,0.42682653335618354,0.36666509110849466,0.6072341584467542,0.5386869456195571,2.3167558199864846,2.2139970580336765,0.9997806549072266,1.0
0.6000000000000001,0.9,256,236,0.921875,0.021874999999999978,0.8824167617091012,0.9488593594315697,0.5921778725259871,0.5087100651284522,0.8424748790723171,0.7473726783248257,3.2142601863434965,3.071692983320441,0.9999141693115234,1.0
0.6000000000000001,0.95,256,245,0.95703125,0.007031250000000044,0.9247089445363345,0.9758401866993923,0.7694260868455592,0.6609750429902423,1.0946409508772252,0.9710731555129496,4.176339157578408,3.9910993331543154,0.9999589920043945,1.0
0.7000000000000001,0.5,256,124,0.484375,-0.015625,0.4238408093138977,0.5453711861994108,0.26593401727828436,0.22571741334183915,0.3837509377255509,0.3381503409437156,1.474945445979405,1.4217604935458739,0.9982166290283203,0.999755859375
0.7000000000000001,0.7,256,191,0.74609375,0.046093750000000044,0.6894097171973202,0.7955013534680712,0.3847174196177071,0.32653746862623256,0.5551590279748124,0.48919024328722915,2.133751867705947,2.056811061591221,0.9995050430297852,1.0
0.7000000000000001,0.8,256,211,0.82421875,0.024218749999999956,0.7728971415203975,0.8659539515784515,0.46787748595767664,0.3971214249763946,0.6751615525329532,0.5949330326962883,2.5949811695862337,2.501408929035528,0.9997529983520508,1.0
0.7000000000000001,0.9,256,230,0.8984375,-0.0015625000000000222,0.8553490986352726,0.929745015775361,0.589841851880644,0.5006413938685343,0.8511598707287911,0.7500177125049562,3.2714301170768483,3.1534658522691976,0.9998931884765625,1.0
0.7000000000000001,0.95,256,245,0.95703125,0.007031250000000044,0.9247089445363345,0.9758401866993923,0.7387411330862688,0.6270229713220978,1.0660260972240843,0.93935168046163,4.097267740151693,3.949524655509869,0.9999485015869141,1.0
0.8,0.5,256,126,0.4921875,-0.0078125,0.43151586938966136,0.5530901283669929,0.2952401361656717,0.24742622587315405,0.4306487847610614,0.37988024331762127,1.6677963844421964,1.6074310109987482,0.9981174468994141,0.999755859375
0.8,0.7,256,186,0.7265625,0.026562500000000044,0.6689146042381685,0.7775114608188586,0.40793097258307676,0.34186686903015817,0.5950240366733919,0.5248775425123627,2.3043811387292994,2.2209747773214854,0.9993734359741211,1.0
0.8,0.8,256,210,0.8203125,0.020312499999999956,0.7686562241913127,0.8624978677858633,0.5030813252260858,0.4216076961098092,0.733814054411037,0.6473058125410043,2.841880599938605,2.739019612052269,0.9997091293334961,1.0
0.8,0.9,256,230,0.8984375,-0.0015625000000000222,0.8553490986352726,0.929745015775361,0.6534219132304231,0.5476007428837426,0.9531067033210776,0.8407463788993474,3.691146869643372,3.5575469522318963,0.9998855590820312,1.0
0.8,0.95,256,245,0.95703125,0.007031250000000044,0.9247089445363345,0.9758401866993923,0.9535134752606754,0.7990927099781477,1.3908319671817408,1.2268688657743967,5.386348709933877,5.191391487094867,0.999969482421875,1.0
0.9,0.5,256,124,0.484375,-0.015625,0.4238408093138977,0.5453711861994108,0.31392667462169943,0.2627310261223088,0.4616294754308665,0.4052910343303905,1.8016174698185288,1.7407418204695475,0.997772216796875,0.999755859375
0.9,0.7,256,186,0.7265625,0.026562500000000044,0.6689146042381685,0.7775114608188586,0.44543498619180455,0.3727927584808681,0.6550125734363594,0.5750731647706273,2.5563404376470884,2.4699631202055006,0.9993190765380859,1.0
0.9,0.8,256,210,0.8203125,0.020312499999999956,0.7686562241913127,0.8624978677858633,0.5453285926376923,0.45639556081110383,0.8019062173042547,0.704039532882655,3.1296273898086486,3.0238790260374264,0.9996681213378906,1.0
0.9,0.9,256,234,0.9140625,0.014062499999999978,0.8733176979335919,0.9425644209637334,0.7099887531603208,0.5942026872291017,1.0440391409177778,0.916621935609802,4.074608003954221,3.936929272348529,0.9998683929443359,1.0
0.9,0.95,256,245,0.95703125,0.007031250000000044,0.9247089445363345,0.9758401866993923,1.0952322486500683,0.9166200765730851,1.6105400696789072,1.4139856430559687,6.285510955876578,6.073127046784231,0.9999666213989258,1.0
1.0,0.5,256,123,0.48046875,-0.01953125,0.4200087697380131,0.5415062246536224,0.3406342160430158,0.28716054928281276,0.5039497833999574,0.440268698475346,1.9821790825724896,1.9257072957850003,0.9975957870483398,0.999755859375
1.0,0.7,256,178,0.6953125,-0.004687499999999956,0.6363862715072103,0.7484637845764336,0.47156162835602333,0.3975346275910023,0.6976497641086628,0.6094919846249487,2.7440566797115116,2.6658791905472414,0.999201774597168,1.0
1.0,0.8,256,196,0.765625,-0.034375000000000044,0.71004258449401,0.8133534917797457,0.5709185479169184,0.4812942332101626,0.8446429190349343,0.7379105039614529,3.3222229307424227,3.2275736295491573,0.9995994567871094,1.0
1.0,0.9,256,232,0.90625,0.006249999999999978,0.8642979648370562,0.9361901518169232,0.8039848062392425,0.6777731293603861,1.1894517634422193,1.03914794100486,4.678455042321042,4.54516702714235,0.9998588562011719,1.0
1.0,0.95,256,241,0.94140625,-0.008593749999999956,0.9055877343822104,0.9641733923668249,1.0662535733380976,0.8988702466573834,1.577464130219112,1.3781295327036958,6.204619002578568,6.027850957505422,0.999943733215332,1.0
